filename,image_path,shape,dtype,min_val,max_val,mean_val,std_val,has_nan,has_inf,matched,cyclone_id,cyclone_name,year,timestamp_utc,latitude,longitude,intensity_knots,cyclone_category,data_source,quality_flag
hursat_genesis_2000088N08090_MISSING_0.npy,data\processed\satellite\hursat_genesis_2000088N08090_MISSING_0.npy,"(128, 128)",float32,0.12007692456245422,0.8324615359306335,0.4782819449901581,0.14681647717952728,False,False,True,2000088N08090,NIO_2000088N08,2000,2000-03-27 12:00:00 UTC,7.5,90.0,25.0,Depression / Low,HURSAT-B1 v06,VALID
hursat_genesis_2000088N08090_MISSING_1.npy,data\processed\satellite\hursat_genesis_2000088N08090_MISSING_1.npy,"(128, 128)",float32,0.1351539045572281,0.8043076992034912,0.4473685026168823,0.14520719647407532,False,False,False,2000088N08090,MISSING,2000,UNINDEXED,,,,UNINDEXED,HURSAT-B1 v06,VALID_IMAGE_UNLABELED
hursat_genesis_2000088N08090_MISSING_2.npy,data\processed\satellite\hursat_genesis_2000088N08090_MISSING_2.npy,"(128, 128)",float32,0.12007692456245422,0.8466153740882874,0.49007266759872437,0.1565759927034378,False,False,True,2000088N08090,NIO_2000088N08,2000,2000-03-27 15:00:00 UTC,8.0,89.4,25.0,Depression / Low,HURSAT-B1 v06,VALID
hursat_genesis_2000088N08090_MISSING_3.npy,data\processed\satellite\hursat_genesis_2000088N08090_MISSING_3.npy,"(128, 128)",float32,0.1351539045572281,0.8285384178161621,0.46461984515190125,0.16026851534843445,False,False,False,2000088N08090,MISSING,2000,UNINDEXED,,,,UNINDEXED,HURSAT-B1 v06,VALID_IMAGE_UNLABELED
hursat_genesis_2000236N17083_MISSING_0.npy,data\processed\satellite\hursat_genesis_2000236N17083_MISSING_0.npy,"(128, 128)",float32,0.08699998259544373,0.888692319393158,0.6402273178100586,0.20947593450546265,False,False,True,2000236N17084,NIO_2000236N17,2000,2000-08-23 06:00:00 UTC,16.5,83.0,25.0,Depression / Low,HURSAT-B1 v06,VALID
hursat_genesis_2000236N17083_MISSING_1.npy,data\processed\satellite\hursat_genesis_2000236N17083_MISSING_1.npy,"(128, 128)",float32,0.072230763733387,0.8453078269958496,0.605096697807312,0.2104521542787552,False,False,False,2000236N17083,MISSING,2000,UNINDEXED,,,,UNINDEXED,HURSAT-B1 v06,VALID_IMAGE_UNLABELED
hursat_genesis_2000236N17083_MISSING_2.npy,data\processed\satellite\hursat_genesis_2000236N17083_MISSING_2.npy,"(128, 128)",float32,0.07076920568943024,0.8990769386291504,0.625735878944397,0.21224287152290344,False,False,True,2000236N17084,NIO_2000236N17,2000,2000-08-23 09:00:00 UTC,16.4,82.7,25.0,Depression / Low,HURSAT-B1 v06,VALID
hursat_genesis_2000236N17083_MISSING_3.npy,data\processed\satellite\hursat_genesis_2000236N17083_MISSING_3.npy,"(128, 128)",float32,0.07246152311563492,0.8459230661392212,0.5825180411338806,0.21499496698379517,False,False,False,2000236N17083,MISSING,2000,UNINDEXED,,,,UNINDEXED,HURSAT-B1 v06,VALID_IMAGE_UNLABELED
hursat_genesis_2000289N15089_MISSING_0.npy,data\processed\satellite\hursat_genesis_2000289N15089_MISSING_0.npy,"(128, 128)",float32,0.058538466691970825,0.8675384521484375,0.6197784543037415,0.24890486896038055,False,False,True,2000289N15089,NIO_2000289N15,2000,2000-10-14 18:00:00 UTC,14.7,89.0,25.0,Depression / Low,HURSAT-B1 v06,VALID
hursat_genesis_2000289N15089_MISSING_1.npy,data\processed\satellite\hursat_genesis_2000289N15089_MISSING_1.npy,"(128, 128)",float32,0.040615376085042953,0.8566152453422546,0.6158804297447205,0.2480730563402176,False,False,False,2000289N15089,MISSING,2000,UNINDEXED,,,,UNINDEXED,HURSAT-B1 v06,VALID_IMAGE_UNLABELED
hursat_genesis_2000289N15089_MISSING_2.npy,data\processed\satellite\hursat_genesis_2000289N15089_MISSING_2.npy,"(128, 128)",float32,0.03907693549990654,0.8759230375289917,0.6381702423095703,0.23629100620746613,False,False,True,2000289N15089,NIO_2000289N15,2000,2000-10-14 21:00:00 UTC,14.7,88.7,25.0,Depression / Low,HURSAT-B1 v06,VALID
hursat_genesis_2000289N15089_MISSING_3.npy,data\processed\satellite\hursat_genesis_2000289N15089_MISSING_3.npy,"(128, 128)",float32,0.059461504220962524,0.8464615941047668,0.6219611167907715,0.23800545930862427,False,False,False,2000289N15089,MISSING,2000,UNINDEXED,,,,UNINDEXED,HURSAT-B1 v06,VALID_IMAGE_UNLABELED
hursat_genesis_2000300N14093_MISSING_0.npy,data\processed\satellite\hursat_genesis_2000300N14093_MISSING_0.npy,"(128, 128)",float32,0.07353844493627548,0.8597691655158997,0.5243333578109741,0.19660279154777527,False,False,True,2000299N13093,NIO_2000299N13,2000,2000-10-25 12:00:00 UTC,14.0,92.5,25.0,Depression / Low,HURSAT-B1 v06,VALID
hursat_genesis_2000300N14093_MISSING_1.npy,data\processed\satellite\hursat_genesis_2000300N14093_MISSING_1.npy,"(128, 128)",float32,0.07846151292324066,0.8578460812568665,0.5053927898406982,0.20648711919784546,False,False,False,2000300N14093,MISSING,2000,UNINDEXED,,,,UNINDEXED,HURSAT-B1 v06,VALID_IMAGE_UNLABELED
hursat_genesis_2000300N14093_MISSING_2.npy,data\processed\satellite\hursat_genesis_2000300N14093_MISSING_2.npy,"(128, 128)",float32,0.09115388989448547,0.8640000820159912,0.5511314868927002,0.20864813029766083,False,False,True,2000299N13093,NIO_2000299N13,2000,2000-10-25 15:00:00 UTC,14.3,92.2,25.0,Depression / Low,HURSAT-B1 v06,VALID
hursat_genesis_2000300N14093_MISSING_3.npy,data\processed\satellite\hursat_genesis_2000300N14093_MISSING_3.npy,"(128, 128)",float32,0.09792304039001465,0.8560000061988831,0.5442591905593872,0.21328972280025482,False,False,False,2000300N14093,MISSING,2000,UNINDEXED,,,,UNINDEXED,HURSAT-B1 v06,VALID_IMAGE_UNLABELED
hursat_genesis_2000331N09091_MISSING_0.npy,data\processed\satellite\hursat_genesis_2000331N09091_MISSING_0.npy,"(128, 128)",float32,0.018538489937782288,0.8283076286315918,0.32541316747665405,0.17296527326107025,False,False,True,2000331N09092,NIO_2000331N09,2000,2000-11-26 06:00:00 UTC,9.3,90.8,30.0,Depression / Low,HURSAT-B1 v06,VALID
hursat_genesis_2000331N09091_MISSING_1.npy,data\processed\satellite\hursat_genesis_2000331N09091_MISSING_1.npy,"(128, 128)",float32,0.031769268214702606,0.8379999995231628,0.28775709867477417,0.16566888988018036,False,False,False,2000331N09091,MISSING,2000,UNINDEXED,,,,UNINDEXED,HURSAT-B1 v06,VALID_IMAGE_UNLABELED
hursat_genesis_2000331N09091_MISSING_2.npy,data\processed\satellite\hursat_genesis_2000331N09091_MISSING_2.npy,"(128, 128)",float32,0.03638458251953125,0.8246922492980957,0.36221832036972046,0.1572461873292923,False,False,True,2000331N09092,NIO_2000331N09,2000,2000-11-26 09:00:00 UTC,9.3,90.9,33.0,Depression / Low,HURSAT-B1 v06,VALID
hursat_genesis_2000331N09091_MISSING_3.npy,data\processed\satellite\hursat_genesis_2000331N09091_MISSING_3.npy,"(128, 128)",float32,0.05092303827404976,0.808461606502533,0.31173986196517944,0.14637748897075653,False,False,False,2000331N09091,MISSING,2000,UNINDEXED,,,,UNINDEXED,HURSAT-B1 v06,VALID_IMAGE_UNLABELED
hursat_genesis_2000358N08086_MISSING_0.npy,data\processed\satellite\hursat_genesis_2000358N08086_MISSING_0.npy,"(128, 128)",float32,0.09261533617973328,0.887923002243042,0.4887983798980713,0.23973916471004486,False,False,True,2000358N08086,NIO_2000358N08,2000,2000-12-23 06:00:00 UTC,7.8,85.8,30.0,Depression / Low,HURSAT-B1 v06,VALID
hursat_genesis_2000358N08086_MISSING_1.npy,data\processed\satellite\hursat_genesis_2000358N08086_MISSING_1.npy,"(128, 128)",float32,0.10707690566778183,0.8473846316337585,0.42559629678726196,0.2242988646030426,False,False,False,2000358N08086,MISSING,2000,UNINDEXED,,,,UNINDEXED,HURSAT-B1 v06,VALID_IMAGE_UNLABELED
hursat_genesis_2000358N08086_MISSING_2.npy,data\processed\satellite\hursat_genesis_2000358N08086_MISSING_2.npy,"(128, 128)",float32,0.07784611731767654,0.8843846321105957,0.46278607845306396,0.2044200450181961,False,False,True,2000358N08086,NIO_2000358N08,2000,2000-12-23 09:00:00 UTC,7.8,85.4,30.0,Depression / Low,HURSAT-B1 v06,VALID
hursat_genesis_2000358N08086_MISSING_3.npy,data\processed\satellite\hursat_genesis_2000358N08086_MISSING_3.npy,"(128, 128)",float32,0.09200005233287811,0.8489229679107666,0.3976910412311554,0.1883828192949295,False,False,False,2000358N08086,MISSING,2000,UNINDEXED,,,,UNINDEXED,HURSAT-B1 v06,VALID_IMAGE_UNLABELED
hursat_genesis_2001141N14068_MISSING_0.npy,data\processed\satellite\hursat_genesis_2001141N14068_MISSING_0.npy,"(128, 128)",float32,0.10784618556499481,0.9174614548683167,0.5819322466850281,0.24858395755290985,False,False,True,2001141N14068,NIO_2001141N14,2001,2001-05-21 06:00:00 UTC,13.7,68.1,25.0,Depression / Low,HURSAT-B1 v06,VALID
hursat_genesis_2001141N14068_MISSING_1.npy,data\processed\satellite\hursat_genesis_2001141N14068_MISSING_1.npy,"(128, 128)",float32,0.09692312031984329,0.8511537909507751,0.46505266427993774,0.24786029756069183,False,False,False,2001141N14068,MISSING,2001,UNINDEXED,,,,UNINDEXED,HURSAT-B1 v06,VALID_IMAGE_UNLABELED
hursat_genesis_2001141N14068_MISSING_2.npy,data\processed\satellite\hursat_genesis_2001141N14068_MISSING_2.npy,"(128, 128)",float32,0.10784618556499481,0.9341538548469543,0.5585113167762756,0.242309108376503,False,False,True,2001141N14068,NIO_2001141N14,2001,2001-05-21 09:00:00 UTC,13.7,68.5,28.0,Depression / Low,HURSAT-B1 v06,VALID
hursat_genesis_2001141N14068_MISSING_3.npy,data\processed\satellite\hursat_genesis_2001141N14068_MISSING_3.npy,"(128, 128)",float32,0.09692312031984329,0.8468461036682129,0.4341137111186981,0.24090635776519775,False,False,False,2001141N14068,MISSING,2001,UNINDEXED,,,,UNINDEXED,HURSAT-B1 v06,VALID_IMAGE_UNLABELED
hursat_genesis_2001163N20087_MISSING_0.npy,data\processed\satellite\hursat_genesis_2001163N20087_MISSING_0.npy,"(128, 128)",float32,0.06492309272289276,0.8919999599456787,0.4507867395877838,0.25588855147361755,False,False,True,2001163N20087,NIO_2001163N20,2001,2001-06-12 06:00:00 UTC,19.6,86.8,25.0,Depression / Low,HURSAT-B1 v06,VALID
hursat_genesis_2001163N20087_MISSING_1.npy,data\processed\satellite\hursat_genesis_2001163N20087_MISSING_1.npy,"(128, 128)",float32,0.04530768841505051,0.8501537442207336,0.4242953956127167,0.26242297887802124,False,False,False,2001163N20087,MISSING,2001,UNINDEXED,,,,UNINDEXED,HURSAT-B1 v06,VALID_IMAGE_UNLABELED
hursat_genesis_2001163N20087_MISSING_2.npy,data\processed\satellite\hursat_genesis_2001163N20087_MISSING_2.npy,"(128, 128)",float32,0.031384628266096115,0.9160768985748291,0.47051289677619934,0.24024862051010132,False,False,True,2001163N20087,NIO_2001163N20,2001,2001-06-12 09:00:00 UTC,19.8,86.7,25.0,Depression / Low,HURSAT-B1 v06,VALID
hursat_genesis_2001163N20087_MISSING_3.npy,data\processed\satellite\hursat_genesis_2001163N20087_MISSING_3.npy,"(128, 128)",float32,0.006461510434746742,0.8543076515197754,0.43127766251564026,0.25030797719955444,False,False,False,2001163N20087,MISSING,2001,UNINDEXED,,,,UNINDEXED,HURSAT-B1 v06,VALID_IMAGE_UNLABELED
hursat_genesis_2001267N17070_MISSING_0.npy,data\processed\satellite\hursat_genesis_2001267N17070_MISSING_0.npy,"(128, 128)",float32,0.0643845796585083,0.9150000810623169,0.615836501121521,0.22289705276489258,False,False,True,2001267N17070,NIO_2001267N17,2001,2001-09-24 00:00:00 UTC,16.6,69.8,25.0,Depression / Low,HURSAT-B1 v06,VALID
hursat_genesis_2001267N17070_MISSING_1.npy,data\processed\satellite\hursat_genesis_2001267N17070_MISSING_1.npy,"(128, 128)",float32,0.10184619575738907,0.9030001163482666,0.6198205947875977,0.23001348972320557,False,False,True,2001267N17070,NIO_2001267N17,2001,2001-09-24 03:00:00 UTC,16.6,69.7,25.0,Depression / Low,HURSAT-B1 v06,VALID
hursat_genesis_2001267N17070_MISSING_2.npy,data\processed\satellite\hursat_genesis_2001267N17070_MISSING_2.npy,"(128, 128)",float32,0.11792308837175369,0.9270768165588379,0.6650618314743042,0.2144915908575058,False,False,True,2001267N17070,NIO_2001267N17,2001,2001-09-24 06:00:00 UTC,16.7,69.5,25.0,Depression / Low,HURSAT-B1 v06,VALID
hursat_genesis_2001267N17070_MISSING_3.npy,data\processed\satellite\hursat_genesis_2001267N17070_MISSING_3.npy,"(128, 128)",float32,0.10646151006221771,0.8476924300193787,0.5044482946395874,0.20867079496383667,False,False,False,2001267N17070,MISSING,2001,UNINDEXED,,,,UNINDEXED,HURSAT-B1 v06,VALID_IMAGE_UNLABELED
hursat_genesis_2001281N18071_MISSING_0.npy,data\processed\satellite\hursat_genesis_2001281N18071_MISSING_0.npy,"(128, 128)",float32,0.0946154072880745,0.9524616003036499,0.6030882596969604,0.2164899706840515,False,False,True,2001281N18071,NIO_2001281N18,2001,2001-10-08 06:00:00 UTC,17.7,70.8,25.0,Depression / Low,HURSAT-B1 v06,VALID
hursat_genesis_2001281N18071_MISSING_1.npy,data\processed\satellite\hursat_genesis_2001281N18071_MISSING_1.npy,"(128, 128)",float32,0.1040000319480896,0.7885385155677795,0.404021680355072,0.1857532411813736,False,False,False,2001281N18071,MISSING,2001,UNINDEXED,,,,UNINDEXED,HURSAT-B1 v06,VALID_IMAGE_UNLABELED
hursat_genesis_2001281N18071_MISSING_2.npy,data\processed\satellite\hursat_genesis_2001281N18071_MISSING_2.npy,"(128, 128)",float32,0.0946154072880745,0.9405384063720703,0.5913424491882324,0.19232767820358276,False,False,True,2001281N18071,NIO_2001281N18,2001,2001-10-08 09:00:00 UTC,17.8,70.5,25.0,Depression / Low,HURSAT-B1 v06,VALID
hursat_genesis_2001281N18071_MISSING_3.npy,data\processed\satellite\hursat_genesis_2001281N18071_MISSING_3.npy,"(128, 128)",float32,0.0946154072880745,0.9156923890113831,0.5845556855201721,0.18602372705936432,False,False,True,2001281N18071,NIO_2001281N18,2001,2001-10-08 12:00:00 UTC,17.9,70.2,25.0,Depression / Low,HURSAT-B1 v06,VALID
hursat_genesis_2001288N14084_MISSING_0.npy,data\processed\satellite\hursat_genesis_2001288N14084_MISSING_0.npy,"(128, 128)",float32,0.07669232040643692,0.8701537847518921,0.5314584970474243,0.23782148957252502,False,False,True,2001288N13084,NIO_2001288N13,2001,2001-10-14 12:00:00 UTC,13.5,84.0,25.0,Depression / Low,HURSAT-B1 v06,VALID
hursat_genesis_2001288N14084_MISSING_1.npy,data\processed\satellite\hursat_genesis_2001288N14084_MISSING_1.npy,"(128, 128)",float32,0.06023078411817551,0.8316922783851624,0.4657689929008484,0.24213537573814392,False,False,False,2001288N14084,MISSING,2001,UNINDEXED,,,,UNINDEXED,HURSAT-B1 v06,VALID_IMAGE_UNLABELED
hursat_genesis_2001288N14084_MISSING_2.npy,data\processed\satellite\hursat_genesis_2001288N14084_MISSING_2.npy,"(128, 128)",float32,0.05569234862923622,0.8701537847518921,0.51723313331604,0.2302454262971878,False,False,True,2001288N13084,NIO_2001288N13,2001,2001-10-14 15:00:00 UTC,13.5,83.4,25.0,Depression / Low,HURSAT-B1 v06,VALID
hursat_genesis_2001288N14084_MISSING_3.npy,data\processed\satellite\hursat_genesis_2001288N14084_MISSING_3.npy,"(128, 128)",float32,0.0382307767868042,0.8317692875862122,0.4694980978965759,0.2388765811920166,False,False,False,2001288N14084,MISSING,2001,UNINDEXED,,,,UNINDEXED,HURSAT-B1 v06,VALID_IMAGE_UNLABELED
hursat_genesis_2001313N12084_MISSING_0.npy,data\processed\satellite\hursat_genesis_2001313N12084_MISSING_0.npy,"(128, 128)",float32,0.07407695800065994,0.8784616589546204,0.5923584699630737,0.20744146406650543,False,False,True,2001313N12084,NIO_2001313N12,2001,2001-11-09 00:00:00 UTC,12.0,83.6,25.0,Depression / Low,HURSAT-B1 v06,VALID
hursat_genesis_2001313N12084_MISSING_1.npy,data\processed\satellite\hursat_genesis_2001313N12084_MISSING_1.npy,"(128, 128)",float32,0.07576927542686462,0.8510770201683044,0.5191645622253418,0.2049117535352707,False,False,False,2001313N12084,MISSING,2001,UNINDEXED,,,,UNINDEXED,HURSAT-B1 v06,VALID_IMAGE_UNLABELED
hursat_genesis_2001313N12084_MISSING_2.npy,data\processed\satellite\hursat_genesis_2001313N12084_MISSING_2.npy,"(128, 128)",float32,0.09715388715267181,0.8929229974746704,0.5998708009719849,0.23769189417362213,False,False,True,2001313N12084,NIO_2001313N12,2001,2001-11-09 03:00:00 UTC,12.5,83.3,25.0,Depression / Low,HURSAT-B1 v06,VALID
hursat_genesis_2001313N12084_MISSING_3.npy,data\processed\satellite\hursat_genesis_2001313N12084_MISSING_3.npy,"(128, 128)",float32,0.09176917374134064,0.8712308406829834,0.5364211797714233,0.22993388772010803,False,False,False,2001313N12084,MISSING,2001,UNINDEXED,,,,UNINDEXED,HURSAT-B1 v06,VALID_IMAGE_UNLABELED
hursat_genesis_2001315N17084_MISSING_0.npy,data\processed\satellite\hursat_genesis_2001315N17084_MISSING_0.npy,"(128, 128)",float32,0.07569228112697601,0.9036921858787537,0.540566086769104,0.22501252591609955,False,False,True,2001313N12084,NIO_2001313N12,2001,2001-11-11 06:00:00 UTC,15.4,83.4,30.0,Depression / Low,HURSAT-B1 v06,VALID
hursat_genesis_2001315N17084_MISSING_1.npy,data\processed\satellite\hursat_genesis_2001315N17084_MISSING_1.npy,"(128, 128)",float32,0.05823082476854324,0.9004614949226379,0.455339252948761,0.22214697301387787,False,False,False,2001315N17084,MISSING,2001,UNINDEXED,,,,UNINDEXED,HURSAT-B1 v06,VALID_IMAGE_UNLABELED
hursat_genesis_2001315N17084_MISSING_2.npy,data\processed\satellite\hursat_genesis_2001315N17084_MISSING_2.npy,"(128, 128)",float32,0.04215381294488907,0.9119229912757874,0.5369209051132202,0.23899561166763306,False,False,True,2001313N12084,NIO_2001313N12,2001,2001-11-11 09:00:00 UTC,15.5,83.8,30.0,Depression / Low,HURSAT-B1 v06,VALID
hursat_genesis_2001315N17084_MISSING_3.npy,data\processed\satellite\hursat_genesis_2001315N17084_MISSING_3.npy,"(128, 128)",float32,0.05784618854522705,0.8616154789924622,0.45980745553970337,0.2373829185962677,False,False,False,2001315N17084,MISSING,2001,UNINDEXED,,,,UNINDEXED,HURSAT-B1 v06,VALID_IMAGE_UNLABELED
hursat_genesis_2002126N09068_MISSING_0.npy,data\processed\satellite\hursat_genesis_2002126N09068_MISSING_0.npy,"(128, 128)",float32,0.02369232103228569,0.88384610414505,0.4279031753540039,0.23042187094688416,False,False,True,2002126N09068,NIO_2002126N09,2002,2002-05-05 18:00:00 UTC,8.6,67.7,25.0,Depression / Low,HURSAT-B1 v06,VALID
hursat_genesis_2002126N09068_MISSING_1.npy,data\processed\satellite\hursat_genesis_2002126N09068_MISSING_1.npy,"(128, 128)",float32,0.023923082277178764,0.7293846607208252,0.2313978523015976,0.14568732678890228,False,False,False,2002126N09068,MISSING,2002,UNINDEXED,,,,UNINDEXED,HURSAT-B1 v06,VALID_IMAGE_UNLABELED
hursat_genesis_2002126N09068_MISSING_2.npy,data\processed\satellite\hursat_genesis_2002126N09068_MISSING_2.npy,"(128, 128)",float32,0.02723083458840847,0.8783076405525208,0.3943890929222107,0.22147053480148315,False,False,True,2002126N09068,NIO_2002126N09,2002,2002-05-05 21:00:00 UTC,8.6,67.5,25.0,Depression / Low,HURSAT-B1 v06,VALID
hursat_genesis_2002126N09068_MISSING_3.npy,data\processed\satellite\hursat_genesis_2002126N09068_MISSING_3.npy,"(128, 128)",float32,0.023923082277178764,0.6940000057220459,0.21274836361408234,0.13459956645965576,False,False,False,2002126N09068,MISSING,2002,UNINDEXED,,,,UNINDEXED,HURSAT-B1 v06,VALID_IMAGE_UNLABELED
hursat_genesis_2002129N08096_MISSING_0.npy,data\processed\satellite\hursat_genesis_2002129N08096_MISSING_0.npy,"(128, 128)",float32,0.027307715266942978,0.8456923365592957,0.3347019553184509,0.16260479390621185,False,False,True,2002129N08096,NIO_2002129N08,2002,2002-05-09 06:00:00 UTC,8.4,95.5,25.0,Depression / Low,HURSAT-B1 v06,VALID
hursat_genesis_2002129N08096_MISSING_1.npy,data\processed\satellite\hursat_genesis_2002129N08096_MISSING_1.npy,"(128, 128)",float32,0.03392310440540314,0.8177692294120789,0.32902640104293823,0.16426703333854675,False,False,False,2002129N08096,MISSING,2002,UNINDEXED,,,,UNINDEXED,HURSAT-B1 v06,VALID_IMAGE_UNLABELED
hursat_genesis_2002129N08096_MISSING_2.npy,data\processed\satellite\hursat_genesis_2002129N08096_MISSING_2.npy,"(128, 128)",float32,0.04376924782991409,0.8412306308746338,0.3431326746940613,0.13046795129776,False,False,True,2002129N08096,NIO_2002129N08,2002,2002-05-09 09:00:00 UTC,8.7,95.3,28.0,Depression / Low,HURSAT-B1 v06,VALID
hursat_genesis_2002129N08096_MISSING_3.npy,data\processed\satellite\hursat_genesis_2002129N08096_MISSING_3.npy,"(128, 128)",float32,0.03076923079788685,0.8156923651695251,0.3270447850227356,0.13077646493911743,False,False,False,2002129N08096,MISSING,2002,UNINDEXED,,,,UNINDEXED,HURSAT-B1 v06,VALID_IMAGE_UNLABELED
hursat_genesis_2002296N14082_MISSING_0.npy,data\processed\satellite\hursat_genesis_2002296N14082_MISSING_0.npy,"(128, 128)",float32,0.08915381878614426,0.9063077569007874,0.5752391815185547,0.20972499251365662,False,False,True,2002295N14082,NIO_2002295N14,2002,2002-10-22 12:00:00 UTC,13.5,81.5,25.0,Depression / Low,HURSAT-B1 v06,VALID
hursat_genesis_2002296N14082_MISSING_1.npy,data\processed\satellite\hursat_genesis_2002296N14082_MISSING_1.npy,"(128, 128)",float32,0.08061534911394119,0.8352308869361877,0.47393882274627686,0.21140164136886597,False,False,False,2002296N14082,MISSING,2002,UNINDEXED,,,,UNINDEXED,HURSAT-B1 v06,VALID_IMAGE_UNLABELED
hursat_genesis_2002296N14082_MISSING_2.npy,data\processed\satellite\hursat_genesis_2002296N14082_MISSING_2.npy,"(128, 128)",float32,0.05884610861539841,0.8703078031539917,0.6104212999343872,0.19947932660579681,False,False,True,2002295N14082,NIO_2002295N14,2002,2002-10-22 15:00:00 UTC,13.7,81.5,25.0,Depression / Low,HURSAT-B1 v06,VALID
hursat_genesis_2002296N14082_MISSING_3.npy,data\processed\satellite\hursat_genesis_2002296N14082_MISSING_3.npy,"(128, 128)",float32,0.06723081320524216,0.8281538486480713,0.5194714069366455,0.1988837718963623,False,False,False,2002296N14082,MISSING,2002,UNINDEXED,,,,UNINDEXED,HURSAT-B1 v06,VALID_IMAGE_UNLABELED
hursat_genesis_2002314N12083_MISSING_0.npy,data\processed\satellite\hursat_genesis_2002314N12083_MISSING_0.npy,"(128, 128)",float32,0.0638461783528328,0.8491539359092712,0.46524909138679504,0.21040529012680054,False,False,True,2002314N12083,NIO_2002314N12,2002,2002-11-09 18:00:00 UTC,11.7,82.5,25.0,Depression / Low,HURSAT-B1 v06,VALID
hursat_genesis_2002314N12083_MISSING_1.npy,data\processed\satellite\hursat_genesis_2002314N12083_MISSING_1.npy,"(128, 128)",float32,0.07107696682214737,0.8101539015769958,0.36162835359573364,0.18362849950790405,False,False,False,2002314N12083,MISSING,2002,UNINDEXED,,,,UNINDEXED,HURSAT-B1 v06,VALID_IMAGE_UNLABELED
hursat_genesis_2002314N12083_MISSING_2.npy,data\processed\satellite\hursat_genesis_2002314N12083_MISSING_2.npy,"(128, 128)",float32,0.047538403421640396,0.8565385341644287,0.45268112421035767,0.2253512591123581,False,False,True,2002314N12083,NIO_2002314N12,2002,2002-11-09 21:00:00 UTC,11.8,82.5,25.0,Depression / Low,HURSAT-B1 v06,VALID
hursat_genesis_2002314N12083_MISSING_3.npy,data\processed\satellite\hursat_genesis_2002314N12083_MISSING_3.npy,"(128, 128)",float32,0.05330763757228851,0.8174614310264587,0.34880122542381287,0.19052337110042572,False,False,False,2002314N12083,MISSING,2002,UNINDEXED,,,,UNINDEXED,HURSAT-B1 v06,VALID_IMAGE_UNLABELED
hursat_genesis_2002327N10089_MISSING_0.npy,data\processed\satellite\hursat_genesis_2002327N10089_MISSING_0.npy,"(128, 128)",float32,0.0638461783528328,0.8535383939743042,0.5180341601371765,0.2099442481994629,False,False,True,2002327N10089,NIO_2002327N10,2002,2002-11-22 18:00:00 UTC,9.5,88.8,25.0,Depression / Low,HURSAT-B1 v06,VALID
hursat_genesis_2002327N10089_MISSING_1.npy,data\processed\satellite\hursat_genesis_2002327N10089_MISSING_1.npy,"(128, 128)",float32,0.06461533904075623,0.836692214012146,0.4782627820968628,0.20702263712882996,False,False,False,2002327N10089,MISSING,2002,UNINDEXED,,,,UNINDEXED,HURSAT-B1 v06,VALID_IMAGE_UNLABELED
hursat_genesis_2002327N10089_MISSING_2.npy,data\processed\satellite\hursat_genesis_2002327N10089_MISSING_2.npy,"(128, 128)",float32,0.047538403421640396,0.8573077917098999,0.5012991428375244,0.22252807021141052,False,False,True,2002327N10089,NIO_2002327N10,2002,2002-11-22 21:00:00 UTC,9.8,88.7,25.0,Depression / Low,HURSAT-B1 v06,VALID
hursat_genesis_2002327N10089_MISSING_3.npy,data\processed\satellite\hursat_genesis_2002327N10089_MISSING_3.npy,"(128, 128)",float32,0.06099994480609894,0.8333078026771545,0.4700213670730591,0.21690672636032104,False,False,False,2002327N10089,MISSING,2002,UNINDEXED,,,,UNINDEXED,HURSAT-B1 v06,VALID_IMAGE_UNLABELED
hursat_genesis_2002355N03078_MISSING_0.npy,data\processed\satellite\hursat_genesis_2002355N03078_MISSING_0.npy,"(128, 128)",float32,0.07938466966152191,0.8456153273582458,0.46957308053970337,0.17974933981895447,False,False,True,2002355N04077,NIO_2002355N04,2002,2002-12-21 06:00:00 UTC,1.9,78.7,25.0,Depression / Low,HURSAT-B1 v06,VALID
hursat_genesis_2002355N03078_MISSING_1.npy,data\processed\satellite\hursat_genesis_2002355N03078_MISSING_1.npy,"(128, 128)",float32,0.08500002324581146,0.7816152572631836,0.35442090034484863,0.15771174430847168,False,False,False,2002355N03078,MISSING,2002,UNINDEXED,,,,UNINDEXED,HURSAT-B1 v06,VALID_IMAGE_UNLABELED
hursat_genesis_2002355N03078_MISSING_2.npy,data\processed\satellite\hursat_genesis_2002355N03078_MISSING_2.npy,"(128, 128)",float32,0.04515380784869194,0.8530768752098083,0.47292816638946533,0.18417708575725555,False,False,True,2002355N04077,NIO_2002355N04,2002,2002-12-21 09:00:00 UTC,2.0,78.8,25.0,Depression / Low,HURSAT-B1 v06,VALID
hursat_genesis_2002355N03078_MISSING_3.npy,data\processed\satellite\hursat_genesis_2002355N03078_MISSING_3.npy,"(128, 128)",float32,0.035307664424180984,0.8081538081169128,0.36040985584259033,0.16661745309829712,False,False,False,2002355N03078,MISSING,2002,UNINDEXED,,,,UNINDEXED,HURSAT-B1 v06,VALID_IMAGE_UNLABELED
hursat_genesis_2003129N05091_MISSING_0.npy,data\processed\satellite\hursat_genesis_2003129N05091_MISSING_0.npy,"(128, 128)",float32,0.046692363917827606,0.8579230904579163,0.3947664499282837,0.18094947934150696,False,False,True,2003129N05091,NIO_2003129N05,2003,2003-05-08 12:00:00 UTC,5.0,91.3,15.0,Depression / Low,HURSAT-B1 v06,VALID
hursat_genesis_2003129N05091_MISSING_1.npy,data\processed\satellite\hursat_genesis_2003129N05091_MISSING_1.npy,"(128, 128)",float32,0.054538432508707047,0.8532306551933289,0.3817824721336365,0.19895559549331665,False,False,False,2003129N05091,MISSING,2003,UNINDEXED,,,,UNINDEXED,HURSAT-B1 v06,VALID_IMAGE_UNLABELED
hursat_genesis_2003129N05091_MISSING_2.npy,data\processed\satellite\hursat_genesis_2003129N05091_MISSING_2.npy,"(128, 128)",float32,0.06523073464632034,0.8523845672607422,0.4505229592323303,0.19147834181785583,False,False,True,2003129N05091,NIO_2003129N05,2003,2003-05-08 15:00:00 UTC,4.9,91.3,18.0,Depression / Low,HURSAT-B1 v06,VALID
hursat_genesis_2003129N05091_MISSING_3.npy,data\processed\satellite\hursat_genesis_2003129N05091_MISSING_3.npy,"(128, 128)",float32,0.07107696682214737,0.8571537733078003,0.43253254890441895,0.2007017880678177,False,False,False,2003129N05091,MISSING,2003,UNINDEXED,,,,UNINDEXED,HURSAT-B1 v06,VALID_IMAGE_UNLABELED
hursat_genesis_2003206N21089_MISSING_0.npy,data\processed\satellite\hursat_genesis_2003206N21089_MISSING_0.npy,"(128, 128)",float32,0.07623079419136047,0.866538405418396,0.4689725637435913,0.19932116568088531,False,False,True,2003206N21089,NIO_2003206N21,2003,2003-07-25 06:00:00 UTC,21.2,88.7,25.0,Depression / Low,HURSAT-B1 v06,VALID
hursat_genesis_2003206N21089_MISSING_1.npy,data\processed\satellite\hursat_genesis_2003206N21089_MISSING_1.npy,"(128, 128)",float32,0.07392308115959167,0.7823078036308289,0.3129749000072479,0.17012284696102142,False,False,False,2003206N21089,MISSING,2003,UNINDEXED,,,,UNINDEXED,HURSAT-B1 v06,VALID_IMAGE_UNLABELED
hursat_genesis_2003206N21089_MISSING_2.npy,data\processed\satellite\hursat_genesis_2003206N21089_MISSING_2.npy,"(128, 128)",float32,0.07392308115959167,0.7823078036308289,0.30940550565719604,0.1676897257566452,False,False,False,2003206N21089,MISSING,2003,UNINDEXED,,,,UNINDEXED,HURSAT-B1 v06,VALID_IMAGE_UNLABELED
hursat_genesis_2003206N21089_MISSING_3.npy,data\processed\satellite\hursat_genesis_2003206N21089_MISSING_3.npy,"(128, 128)",float32,0.07623079419136047,0.8774616122245789,0.4864901304244995,0.21900470554828644,False,False,True,2003206N21089,NIO_2003206N21,2003,2003-07-25 09:00:00 UTC,21.3,88.3,25.0,Depression / Low,HURSAT-B1 v06,VALID
hursat_genesis_2003240N21089_MISSING_0.npy,data\processed\satellite\hursat_genesis_2003240N21089_MISSING_0.npy,"(128, 128)",float32,0.07461535930633545,0.8959230780601501,0.5668063163757324,0.22573037445545197,False,False,True,2003240N21089,NIO_2003240N21,2003,2003-08-27 12:00:00 UTC,20.5,88.5,25.0,Depression / Low,HURSAT-B1 v06,VALID
hursat_genesis_2003240N21089_MISSING_3.npy,data\processed\satellite\hursat_genesis_2003240N21089_MISSING_3.npy,"(128, 128)",float32,0.07330768555402756,0.8813077211380005,0.6005740165710449,0.23413068056106567,False,False,True,2003240N21089,NIO_2003240N21,2003,2003-08-27 15:00:00 UTC,20.6,87.9,25.0,Depression / Low,HURSAT-B1 v06,VALID
hursat_genesis_2003279N17084_MISSING_0.npy,data\processed\satellite\hursat_genesis_2003279N17084_MISSING_0.npy,"(128, 128)",float32,0.037153858691453934,0.857692301273346,0.36773109436035156,0.1840018779039383,False,False,True,2003279N17084,NIO_2003279N17,2003,2003-10-06 06:00:00 UTC,16.7,84.0,25.0,Depression / Low,HURSAT-B1 v06,VALID
hursat_genesis_2003279N17084_MISSING_1.npy,data\processed\satellite\hursat_genesis_2003279N17084_MISSING_1.npy,"(128, 128)",float32,0.037153858691453934,0.8266153335571289,0.36144641041755676,0.15895262360572815,False,False,True,2003279N17084,NIO_2003279N17,2003,2003-10-06 09:00:00 UTC,17.0,84.0,25.0,Depression / Low,HURSAT-B1 v06,VALID
hursat_genesis_2003279N17084_MISSING_2.npy,data\processed\satellite\hursat_genesis_2003279N17084_MISSING_2.npy,"(128, 128)",float32,0.037153858691453934,0.8498460054397583,0.38788414001464844,0.15215247869491577,False,False,True,2003279N17084,NIO_2003279N17,2003,2003-10-06 12:00:00 UTC,17.5,84.0,25.0,Depression / Low,HURSAT-B1 v06,VALID
hursat_genesis_2003279N17084_MISSING_3.npy,data\processed\satellite\hursat_genesis_2003279N17084_MISSING_3.npy,"(128, 128)",float32,0.037153858691453934,0.814923107624054,0.3988293409347534,0.17303065955638885,False,False,True,2003279N17084,NIO_2003279N17,2003,2003-10-06 15:00:00 UTC,17.9,83.9,25.0,Depression / Low,HURSAT-B1 v06,VALID
hursat_genesis_2003315N09067_MISSING_0.npy,data\processed\satellite\hursat_genesis_2003315N09067_MISSING_0.npy,"(128, 128)",float32,0.08423074334859848,0.8892307877540588,0.630903422832489,0.20009297132492065,False,False,True,2003315N09067,NIO_2003315N09,2003,2003-11-10 12:00:00 UTC,8.7,67.1,15.0,Depression / Low,HURSAT-B1 v06,VALID
hursat_genesis_2003315N09067_MISSING_1.npy,data\processed\satellite\hursat_genesis_2003315N09067_MISSING_1.npy,"(128, 128)",float32,0.09092313051223755,0.8213075995445251,0.4896469712257385,0.19897879660129547,False,False,False,2003315N09067,MISSING,2003,UNINDEXED,,,,UNINDEXED,HURSAT-B1 v06,VALID_IMAGE_UNLABELED
hursat_genesis_2003315N09067_MISSING_2.npy,data\processed\satellite\hursat_genesis_2003315N09067_MISSING_2.npy,"(128, 128)",float32,0.11461533606052399,0.8856154084205627,0.6132858991622925,0.19106493890285492,False,False,True,2003315N09067,NIO_2003315N09,2003,2003-11-10 15:00:00 UTC,8.6,66.8,15.0,Depression / Low,HURSAT-B1 v06,VALID
hursat_genesis_2003315N09067_MISSING_3.npy,data\processed\satellite\hursat_genesis_2003315N09067_MISSING_3.npy,"(128, 128)",float32,0.13415385782718658,0.8220768570899963,0.47488123178482056,0.18139588832855225,False,False,False,2003315N09067,MISSING,2003,UNINDEXED,,,,UNINDEXED,HURSAT-B1 v06,VALID_IMAGE_UNLABELED
hursat_genesis_2003345N05092_MISSING_0.npy,data\processed\satellite\hursat_genesis_2003345N05092_MISSING_0.npy,"(128, 128)",float32,0.06661541014909744,0.8280768990516663,0.3646788001060486,0.17621994018554688,False,False,True,2003345N05092,NIO_2003345N05,2003,2003-12-11 06:00:00 UTC,4.5,91.7,25.0,Depression / Low,HURSAT-B1 v06,VALID
hursat_genesis_2003345N05092_MISSING_1.npy,data\processed\satellite\hursat_genesis_2003345N05092_MISSING_1.npy,"(128, 128)",float32,0.0638461783528328,0.7633075714111328,0.26161181926727295,0.13417509198188782,False,False,False,2003345N05092,MISSING,2003,UNINDEXED,,,,UNINDEXED,HURSAT-B1 v06,VALID_IMAGE_UNLABELED
hursat_genesis_2003345N05092_MISSING_2.npy,data\processed\satellite\hursat_genesis_2003345N05092_MISSING_2.npy,"(128, 128)",float32,0.04553844779729843,0.7633075714111328,0.27011638879776,0.1497526466846466,False,False,False,2003345N05092,MISSING,2003,UNINDEXED,,,,UNINDEXED,HURSAT-B1 v06,VALID_IMAGE_UNLABELED
hursat_genesis_2003345N05092_MISSING_3.npy,data\processed\satellite\hursat_genesis_2003345N05092_MISSING_3.npy,"(128, 128)",float32,0.080230712890625,0.8313847184181213,0.38458511233329773,0.15623797476291656,False,False,True,2003345N05092,NIO_2003345N05,2003,2003-12-11 09:00:00 UTC,4.7,91.2,25.0,Depression / Low,HURSAT-B1 v06,VALID
hursat_genesis_2004125N11074_MISSING_0.npy,data\processed\satellite\hursat_genesis_2004125N11074_MISSING_0.npy,"(128, 128)",float32,0.031230749562382698,0.8796154260635376,0.44426560401916504,0.19913886487483978,False,False,True,2004125N11074,NIO_2004125N11,2004,2004-05-04 00:00:00 UTC,11.1,74.3,20.0,Depression / Low,HURSAT-B1 v06,VALID
hursat_genesis_2004125N11074_MISSING_1.npy,data\processed\satellite\hursat_genesis_2004125N11074_MISSING_1.npy,"(128, 128)",float32,0.031230749562382698,0.8599231243133545,0.4582623839378357,0.19958582520484924,False,False,True,2004125N11074,NIO_2004125N11,2004,2004-05-04 03:00:00 UTC,11.1,74.1,23.0,Depression / Low,HURSAT-B1 v06,VALID
hursat_genesis_2004125N11074_MISSING_2.npy,data\processed\satellite\hursat_genesis_2004125N11074_MISSING_2.npy,"(128, 128)",float32,0.06492309272289276,0.8912306427955627,0.4575960636138916,0.19273169338703156,False,False,True,2004125N11074,NIO_2004125N11,2004,2004-05-04 06:00:00 UTC,11.2,73.9,25.0,Depression / Low,HURSAT-B1 v06,VALID
hursat_genesis_2004125N11074_MISSING_3.npy,data\processed\satellite\hursat_genesis_2004125N11074_MISSING_3.npy,"(128, 128)",float32,0.047076884657144547,0.9175384640693665,0.45132339000701904,0.18085868656635284,False,False,True,2004125N11074,NIO_2004125N11,2004,2004-05-04 09:00:00 UTC,11.3,73.7,28.0,Depression / Low,HURSAT-B1 v06,VALID
hursat_genesis_2004136N15090_MISSING_0.npy,data\processed\satellite\hursat_genesis_2004136N15090_MISSING_0.npy,"(128, 128)",float32,0.07430771738290787,0.8778461217880249,0.47525113821029663,0.22018176317214966,False,False,True,2004136N15090,NIO_2004136N15,2004,2004-05-14 18:00:00 UTC,14.8,89.7,15.0,Depression / Low,HURSAT-B1 v06,VALID
hursat_genesis_2004136N15090_MISSING_1.npy,data\processed\satellite\hursat_genesis_2004136N15090_MISSING_1.npy,"(128, 128)",float32,0.08130774646997452,0.7972308993339539,0.3490995466709137,0.20996220409870148,False,False,False,2004136N15090,MISSING,2004,UNINDEXED,,,,UNINDEXED,HURSAT-B1 v06,VALID_IMAGE_UNLABELED
hursat_genesis_2004136N15090_MISSING_2.npy,data\processed\satellite\hursat_genesis_2004136N15090_MISSING_2.npy,"(128, 128)",float32,0.08130774646997452,0.8009230494499207,0.3775753974914551,0.22074952721595764,False,False,False,2004136N15090,MISSING,2004,UNINDEXED,,,,UNINDEXED,HURSAT-B1 v06,VALID_IMAGE_UNLABELED
hursat_genesis_2004136N15090_MISSING_3.npy,data\processed\satellite\hursat_genesis_2004136N15090_MISSING_3.npy,"(128, 128)",float32,0.04023073613643646,0.8778461217880249,0.5258463621139526,0.2033577710390091,False,False,True,2004136N15090,NIO_2004136N15,2004,2004-05-14 21:00:00 UTC,14.9,90.0,15.0,Depression / Low,HURSAT-B1 v06,VALID
hursat_genesis_2004162N18068_MISSING_0.npy,data\processed\satellite\hursat_genesis_2004162N18068_MISSING_0.npy,"(128, 128)",float32,0.07953843474388123,0.902461588382721,0.5365326404571533,0.24877668917179108,False,False,True,2004162N18068,NIO_2004162N18,2004,2004-06-10 06:00:00 UTC,17.5,67.5,25.0,Depression / Low,HURSAT-B1 v06,VALID
hursat_genesis_2004162N18068_MISSING_1.npy,data\processed\satellite\hursat_genesis_2004162N18068_MISSING_1.npy,"(128, 128)",float32,0.0634615421295166,0.7831538319587708,0.37297022342681885,0.19488905370235443,False,False,False,2004162N18068,MISSING,2004,UNINDEXED,,,,UNINDEXED,HURSAT-B1 v06,VALID_IMAGE_UNLABELED
hursat_genesis_2004162N18068_MISSING_2.npy,data\processed\satellite\hursat_genesis_2004162N18068_MISSING_2.npy,"(128, 128)",float32,0.044000010937452316,0.9173076748847961,0.5137621760368347,0.24818237125873566,False,False,True,2004162N18068,NIO_2004162N18,2004,2004-06-10 09:00:00 UTC,17.5,66.5,30.0,Depression / Low,HURSAT-B1 v06,VALID
hursat_genesis_2004162N18068_MISSING_3.npy,data\processed\satellite\hursat_genesis_2004162N18068_MISSING_3.npy,"(128, 128)",float32,0.041000012308359146,0.7753077745437622,0.34721171855926514,0.19829678535461426,False,False,False,2004162N18068,MISSING,2004,UNINDEXED,,,,UNINDEXED,HURSAT-B1 v06,VALID_IMAGE_UNLABELED
hursat_genesis_2004163N16090_MISSING_0.npy,data\processed\satellite\hursat_genesis_2004163N16090_MISSING_0.npy,"(128, 128)",float32,0.008846106939017773,0.8473076224327087,0.45950883626937866,0.2504584789276123,False,False,True,2004163N15090,NIO_2004163N15,2004,2004-06-11 06:00:00 UTC,15.5,90.0,25.0,Depression / Low,HURSAT-B1 v06,VALID
hursat_genesis_2004163N16090_MISSING_1.npy,data\processed\satellite\hursat_genesis_2004163N16090_MISSING_1.npy,"(128, 128)",float32,0.018692251294851303,0.7751537561416626,0.33972012996673584,0.2222699075937271,False,False,False,2004163N16090,MISSING,2004,UNINDEXED,,,,UNINDEXED,HURSAT-B1 v06,VALID_IMAGE_UNLABELED
hursat_genesis_2004163N16090_MISSING_2.npy,data\processed\satellite\hursat_genesis_2004163N16090_MISSING_2.npy,"(128, 128)",float32,0.044000010937452316,0.8595383763313293,0.4160420298576355,0.25266194343566895,False,False,True,2004163N15090,NIO_2004163N15,2004,2004-06-11 09:00:00 UTC,15.5,89.5,25.0,Depression / Low,HURSAT-B1 v06,VALID
hursat_genesis_2004163N16090_MISSING_3.npy,data\processed\satellite\hursat_genesis_2004163N16090_MISSING_3.npy,"(128, 128)",float32,0.018692251294851303,0.7900000810623169,0.3178945779800415,0.23303362727165222,False,False,False,2004163N16090,MISSING,2004,UNINDEXED,,,,UNINDEXED,HURSAT-B1 v06,VALID_IMAGE_UNLABELED
hursat_genesis_2004256N23089_MISSING_0.npy,data\processed\satellite\hursat_genesis_2004256N23089_MISSING_0.npy,"(128, 128)",float32,0.13161538541316986,0.8736154437065125,0.4855641722679138,0.20087619125843048,False,False,True,2004256N23089,NIO_2004256N23,2004,2004-09-12 06:00:00 UTC,22.7,88.5,25.0,Depression / Low,HURSAT-B1 v06,VALID
hursat_genesis_2004256N23089_MISSING_1.npy,data\processed\satellite\hursat_genesis_2004256N23089_MISSING_1.npy,"(128, 128)",float32,0.1273077130317688,0.7643075585365295,0.40749943256378174,0.19401849806308746,False,False,False,2004256N23089,MISSING,2004,UNINDEXED,,,,UNINDEXED,HURSAT-B1 v06,VALID_IMAGE_UNLABELED
hursat_genesis_2004256N23089_MISSING_2.npy,data\processed\satellite\hursat_genesis_2004256N23089_MISSING_2.npy,"(128, 128)",float32,0.11676917225122452,0.8771538138389587,0.505155622959137,0.19284625351428986,False,False,True,2004256N23089,NIO_2004256N23,2004,2004-09-12 09:00:00 UTC,22.9,88.5,25.0,Depression / Low,HURSAT-B1 v06,VALID
hursat_genesis_2004256N23089_MISSING_3.npy,data\processed\satellite\hursat_genesis_2004256N23089_MISSING_3.npy,"(128, 128)",float32,0.1273077130317688,0.7643075585365295,0.3844228982925415,0.17682936787605286,False,False,False,2004256N23089,MISSING,2004,UNINDEXED,,,,UNINDEXED,HURSAT-B1 v06,VALID_IMAGE_UNLABELED
hursat_genesis_2004274N16069_MISSING_0.npy,data\processed\satellite\hursat_genesis_2004274N16069_MISSING_0.npy,"(128, 128)",float32,0.11215385794639587,0.8780001401901245,0.565936803817749,0.2276754379272461,False,False,True,2004274N16069,NIO_2004274N16,2004,2004-09-30 06:00:00 UTC,16.3,69.0,20.0,Depression / Low,HURSAT-B1 v06,VALID
hursat_genesis_2004274N16069_MISSING_1.npy,data\processed\satellite\hursat_genesis_2004274N16069_MISSING_1.npy,"(128, 128)",float32,0.11769232898950577,0.7886152863502502,0.4145554304122925,0.2029205858707428,False,False,False,2004274N16069,MISSING,2004,UNINDEXED,,,,UNINDEXED,HURSAT-B1 v06,VALID_IMAGE_UNLABELED
hursat_genesis_2004274N16069_MISSING_2.npy,data\processed\satellite\hursat_genesis_2004274N16069_MISSING_2.npy,"(128, 128)",float32,0.08369234204292297,0.873846173286438,0.5456549525260925,0.2168140709400177,False,False,True,2004274N16069,NIO_2004274N16,2004,2004-09-30 09:00:00 UTC,16.5,68.8,20.0,Depression / Low,HURSAT-B1 v06,VALID
hursat_genesis_2004274N16069_MISSING_3.npy,data\processed\satellite\hursat_genesis_2004274N16069_MISSING_3.npy,"(128, 128)",float32,0.08638457953929901,0.797153890132904,0.3762867748737335,0.1813819855451584,False,False,False,2004274N16069,MISSING,2004,UNINDEXED,,,,UNINDEXED,HURSAT-B1 v06,VALID_IMAGE_UNLABELED
hursat_genesis_2004276N12087_MISSING_0.npy,data\processed\satellite\hursat_genesis_2004276N12087_MISSING_0.npy,"(128, 128)",float32,0.10423079133033752,0.8736154437065125,0.48742255568504333,0.21578502655029297,False,False,True,2004276N12087,NIO_2004276N12,2004,2004-10-02 06:00:00 UTC,12.0,86.5,25.0,Depression / Low,HURSAT-B1 v06,VALID
hursat_genesis_2004276N12087_MISSING_1.npy,data\processed\satellite\hursat_genesis_2004276N12087_MISSING_1.npy,"(128, 128)",float32,0.08607694506645203,0.7789231538772583,0.33107495307922363,0.1941443383693695,False,False,False,2004276N12087,MISSING,2004,UNINDEXED,,,,UNINDEXED,HURSAT-B1 v06,VALID_IMAGE_UNLABELED
hursat_genesis_2004276N12087_MISSING_2.npy,data\processed\satellite\hursat_genesis_2004276N12087_MISSING_2.npy,"(128, 128)",float32,0.0881538987159729,0.8696922659873962,0.46709078550338745,0.17751716077327728,False,False,True,2004276N12087,NIO_2004276N12,2004,2004-10-02 09:00:00 UTC,12.5,86.0,25.0,Depression / Low,HURSAT-B1 v06,VALID
hursat_genesis_2004276N12087_MISSING_3.npy,data\processed\satellite\hursat_genesis_2004276N12087_MISSING_3.npy,"(128, 128)",float32,0.08607694506645203,0.7751537561416626,0.3083375096321106,0.1569574922323227,False,False,False,2004276N12087,MISSING,2004,UNINDEXED,,,,UNINDEXED,HURSAT-B1 v06,VALID_IMAGE_UNLABELED
hursat_genesis_2004281N23087_MISSING_0.npy,data\processed\satellite\hursat_genesis_2004281N23087_MISSING_0.npy,"(128, 128)",float32,0.08453850448131561,0.8832308053970337,0.4489929974079132,0.22099705040454865,False,False,True,2004281N23087,NIO_2004281N23,2004,2004-10-07 06:00:00 UTC,22.8,87.3,25.0,Depression / Low,HURSAT-B1 v06,VALID
hursat_genesis_2004281N23087_MISSING_1.npy,data\processed\satellite\hursat_genesis_2004281N23087_MISSING_1.npy,"(128, 128)",float32,0.08607694506645203,0.7789231538772583,0.4260626435279846,0.23495380580425262,False,False,False,2004281N23087,MISSING,2004,UNINDEXED,,,,UNINDEXED,HURSAT-B1 v06,VALID_IMAGE_UNLABELED
hursat_genesis_2004281N23087_MISSING_2.npy,data\processed\satellite\hursat_genesis_2004281N23087_MISSING_2.npy,"(128, 128)",float32,0.11638465523719788,0.8716153502464294,0.4690738916397095,0.19852595031261444,False,False,True,2004281N23087,NIO_2004281N23,2004,2004-10-07 09:00:00 UTC,23.2,87.7,25.0,Depression / Low,HURSAT-B1 v06,VALID
hursat_genesis_2004281N23087_MISSING_3.npy,data\processed\satellite\hursat_genesis_2004281N23087_MISSING_3.npy,"(128, 128)",float32,0.10230771452188492,0.7751537561416626,0.37910211086273193,0.19440747797489166,False,False,False,2004281N23087,MISSING,2004,UNINDEXED,,,,UNINDEXED,HURSAT-B1 v06,VALID_IMAGE_UNLABELED
hursat_genesis_2004307N09068_MISSING_0.npy,data\processed\satellite\hursat_genesis_2004307N09068_MISSING_0.npy,"(128, 128)",float32,0.12200000137090683,0.8722308874130249,0.4620301425457001,0.15206080675125122,False,False,True,2004307N09068,NIO_2004307N09,2004,2004-11-01 12:00:00 UTC,9.4,67.8,20.0,Depression / Low,HURSAT-B1 v06,VALID
hursat_genesis_2004307N09068_MISSING_1.npy,data\processed\satellite\hursat_genesis_2004307N09068_MISSING_1.npy,"(128, 128)",float32,0.12169236689805984,0.7938462495803833,0.3379809558391571,0.13443836569786072,False,False,False,2004307N09068,MISSING,2004,UNINDEXED,,,,UNINDEXED,HURSAT-B1 v06,VALID_IMAGE_UNLABELED
hursat_genesis_2004307N09068_MISSING_2.npy,data\processed\satellite\hursat_genesis_2004307N09068_MISSING_2.npy,"(128, 128)",float32,0.12315380573272705,0.851230800151825,0.5049147009849548,0.14943675696849823,False,False,True,2004307N09068,NIO_2004307N09,2004,2004-11-01 15:00:00 UTC,9.7,67.5,20.0,Depression / Low,HURSAT-B1 v06,VALID
hursat_genesis_2004307N09068_MISSING_3.npy,data\processed\satellite\hursat_genesis_2004307N09068_MISSING_3.npy,"(128, 128)",float32,0.10523071140050888,0.7390770316123962,0.37439316511154175,0.12769904732704163,False,False,False,2004307N09068,MISSING,2004,UNINDEXED,,,,UNINDEXED,HURSAT-B1 v06,VALID_IMAGE_UNLABELED
hursat_genesis_2004332N02072_MISSING_0.npy,data\processed\satellite\hursat_genesis_2004332N02072_MISSING_0.npy,"(128, 128)",float32,0.10799995064735413,0.8653846383094788,0.5336422920227051,0.20021699368953705,False,False,True,2004332N02072,NIO_2004332N02,2004,2004-11-27 00:00:00 UTC,1.6,72.4,20.0,Depression / Low,HURSAT-B1 v06,VALID
hursat_genesis_2004332N02072_MISSING_1.npy,data\processed\satellite\hursat_genesis_2004332N02072_MISSING_1.npy,"(128, 128)",float32,0.10799995064735413,0.8693845272064209,0.5479786396026611,0.19012397527694702,False,False,True,2004332N02072,NIO_2004332N02,2004,2004-11-27 03:00:00 UTC,1.6,71.9,20.0,Depression / Low,HURSAT-B1 v06,VALID
hursat_genesis_2004332N02072_MISSING_2.npy,data\processed\satellite\hursat_genesis_2004332N02072_MISSING_2.npy,"(128, 128)",float32,0.16576924920082092,0.8732306957244873,0.549490749835968,0.18981829285621643,False,False,True,2004332N02072,NIO_2004332N02,2004,2004-11-27 06:00:00 UTC,1.5,71.5,20.0,Depression / Low,HURSAT-B1 v06,VALID
hursat_genesis_2004332N02072_MISSING_3.npy,data\processed\satellite\hursat_genesis_2004332N02072_MISSING_3.npy,"(128, 128)",float32,0.10799995064735413,0.8693845272064209,0.5169894695281982,0.20066295564174652,False,False,True,2004332N02072,NIO_2004332N02,2004,2004-11-27 09:00:00 UTC,1.4,71.1,20.0,Depression / Low,HURSAT-B1 v06,VALID
hursat_genesis_2005007N04085_MISSING_0.npy,data\processed\satellite\hursat_genesis_2005007N04085_MISSING_0.npy,"(128, 128)",float32,0.09046149253845215,0.8776153326034546,0.5549718737602234,0.21277973055839539,False,False,True,2005007N04085,NIO_2005007N04,2005,2005-01-07 00:00:00 UTC,3.5,85.1,15.0,Depression / Low,HURSAT-B1 v06,VALID
hursat_genesis_2005007N04085_MISSING_1.npy,data\processed\satellite\hursat_genesis_2005007N04085_MISSING_1.npy,"(128, 128)",float32,0.0,0.7700000405311584,0.3616868853569031,0.16069813072681427,False,False,False,2005007N04085,MISSING,2005,UNINDEXED,,,,UNINDEXED,HURSAT-B1 v06,VALID_IMAGE_UNLABELED
hursat_genesis_2005007N04085_MISSING_2.npy,data\processed\satellite\hursat_genesis_2005007N04085_MISSING_2.npy,"(128, 128)",float32,0.1040000319480896,0.8763075470924377,0.5462530851364136,0.20777690410614014,False,False,True,2005007N04085,NIO_2005007N04,2005,2005-01-07 03:00:00 UTC,3.5,85.0,15.0,Depression / Low,HURSAT-B1 v06,VALID
hursat_genesis_2005007N04085_MISSING_3.npy,data\processed\satellite\hursat_genesis_2005007N04085_MISSING_3.npy,"(128, 128)",float32,0.0,0.7428461909294128,0.3256029486656189,0.16382905840873718,False,False,False,2005007N04085,MISSING,2005,UNINDEXED,,,,UNINDEXED,HURSAT-B1 v06,VALID_IMAGE_UNLABELED
hursat_genesis_2005012N04090_MISSING_0.npy,data\processed\satellite\hursat_genesis_2005012N04090_MISSING_0.npy,"(128, 128)",float32,0.17653843760490417,0.8743844628334045,0.5972597599029541,0.1639481782913208,False,False,True,2005012N04090,NIO_2005012N04,2005,2005-01-11 18:00:00 UTC,4.0,89.8,20.0,Depression / Low,HURSAT-B1 v06,VALID
hursat_genesis_2005012N04090_MISSING_1.npy,data\processed\satellite\hursat_genesis_2005012N04090_MISSING_1.npy,"(128, 128)",float32,0.17023080587387085,0.8216923475265503,0.4945940375328064,0.15744993090629578,False,False,False,2005012N04090,MISSING,2005,UNINDEXED,,,,UNINDEXED,HURSAT-B1 v06,VALID_IMAGE_UNLABELED
hursat_genesis_2005012N04090_MISSING_2.npy,data\processed\satellite\hursat_genesis_2005012N04090_MISSING_2.npy,"(128, 128)",float32,0.16638465225696564,0.8707693219184875,0.6136382818222046,0.17737902700901031,False,False,True,2005012N04090,NIO_2005012N04,2005,2005-01-11 21:00:00 UTC,4.2,89.9,20.0,Depression / Low,HURSAT-B1 v06,VALID
hursat_genesis_2005012N04090_MISSING_3.npy,data\processed\satellite\hursat_genesis_2005012N04090_MISSING_3.npy,"(128, 128)",float32,0.15738466382026672,0.8109999299049377,0.537453293800354,0.15896695852279663,False,False,False,2005012N04090,MISSING,2005,UNINDEXED,,,,UNINDEXED,HURSAT-B1 v06,VALID_IMAGE_UNLABELED
hursat_genesis_2005172N22068_MISSING_0.npy,data\processed\satellite\hursat_genesis_2005172N22068_MISSING_0.npy,"(128, 128)",float32,0.0783076360821724,1.0,0.5991343259811401,0.2667509913444519,False,False,True,2005172N22069,NIO_2005172N22,2005,2005-06-21 06:00:00 UTC,21.7,68.3,25.0,Depression / Low,HURSAT-B1 v06,VALID
hursat_genesis_2005172N22068_MISSING_1.npy,data\processed\satellite\hursat_genesis_2005172N22068_MISSING_1.npy,"(128, 128)",float32,0.06138458102941513,0.8036921620368958,0.42937231063842773,0.2333955466747284,False,False,False,2005172N22068,MISSING,2005,UNINDEXED,,,,UNINDEXED,HURSAT-B1 v06,VALID_IMAGE_UNLABELED
hursat_genesis_2005172N22068_MISSING_2.npy,data\processed\satellite\hursat_genesis_2005172N22068_MISSING_2.npy,"(128, 128)",float32,0.05846158415079117,0.8295384049415588,0.3832274377346039,0.2260066568851471,False,False,False,2005172N22068,MISSING,2005,UNINDEXED,,,,UNINDEXED,HURSAT-B1 v06,VALID_IMAGE_UNLABELED
hursat_genesis_2005172N22068_MISSING_3.npy,data\processed\satellite\hursat_genesis_2005172N22068_MISSING_3.npy,"(128, 128)",float32,0.0783076360821724,1.0,0.6108298897743225,0.2779747545719147,False,False,True,2005172N22069,NIO_2005172N22,2005,2005-06-21 09:00:00 UTC,21.9,68.1,25.0,Depression / Low,HURSAT-B1 v06,VALID
hursat_genesis_2005179N22088_MISSING_0.npy,data\processed\satellite\hursat_genesis_2005179N22088_MISSING_0.npy,"(128, 128)",float32,0.11192309856414795,0.9027690887451172,0.5014755129814148,0.21900643408298492,False,False,True,2005179N22088,NIO_2005179N22,2005,2005-06-27 12:00:00 UTC,21.5,88.0,25.0,Depression / Low,HURSAT-B1 v06,VALID
hursat_genesis_2005179N22088_MISSING_1.npy,data\processed\satellite\hursat_genesis_2005179N22088_MISSING_1.npy,"(128, 128)",float32,0.14100001752376556,0.802769124507904,0.3743841052055359,0.20932525396347046,False,False,False,2005179N22088,MISSING,2005,UNINDEXED,,,,UNINDEXED,HURSAT-B1 v06,VALID_IMAGE_UNLABELED
hursat_genesis_2005179N22088_MISSING_2.npy,data\processed\satellite\hursat_genesis_2005179N22088_MISSING_2.npy,"(128, 128)",float32,0.09576920419931412,0.8950768113136292,0.5642209053039551,0.2117483764886856,False,False,True,2005179N22088,NIO_2005179N22,2005,2005-06-27 15:00:00 UTC,21.9,87.5,25.0,Depression / Low,HURSAT-B1 v06,VALID
hursat_genesis_2005179N22088_MISSING_3.npy,data\processed\satellite\hursat_genesis_2005179N22088_MISSING_3.npy,"(128, 128)",float32,0.12699995934963226,0.7991539835929871,0.42328596115112305,0.20558571815490723,False,False,False,2005179N22088,MISSING,2005,UNINDEXED,,,,UNINDEXED,HURSAT-B1 v06,VALID_IMAGE_UNLABELED
hursat_genesis_2005210N22087_MISSING_0.npy,data\processed\satellite\hursat_genesis_2005210N22087_MISSING_0.npy,"(128, 128)",float32,0.1349230259656906,0.8764615654945374,0.5597240328788757,0.24185045063495636,False,False,True,2005210N21088,NIO_2005210N21,2005,2005-07-29 06:00:00 UTC,21.5,87.5,25.0,Depression / Low,HURSAT-B1 v06,VALID
hursat_genesis_2005210N22087_MISSING_1.npy,data\processed\satellite\hursat_genesis_2005210N22087_MISSING_1.npy,"(128, 128)",float32,0.10861534625291824,0.8799999356269836,0.55267733335495,0.25575870275497437,False,False,False,2005210N22087,MISSING,2005,UNINDEXED,,,,UNINDEXED,HURSAT-B1 v06,VALID_IMAGE_UNLABELED
hursat_genesis_2005210N22087_MISSING_2.npy,data\processed\satellite\hursat_genesis_2005210N22087_MISSING_2.npy,"(128, 128)",float32,0.10984614491462708,0.7791538834571838,0.4352734088897705,0.22859662771224976,False,False,False,2005210N22087,MISSING,2005,UNINDEXED,,,,UNINDEXED,HURSAT-B1 v06,VALID_IMAGE_UNLABELED
hursat_genesis_2005210N22087_MISSING_3.npy,data\processed\satellite\hursat_genesis_2005210N22087_MISSING_3.npy,"(128, 128)",float32,0.1349230259656906,0.8824615478515625,0.5405428409576416,0.22585098445415497,False,False,True,2005210N21088,NIO_2005210N21,2005,2005-07-29 09:00:00 UTC,21.5,87.5,25.0,Depression / Low,HURSAT-B1 v06,VALID
hursat_genesis_2005255N20087_MISSING_0.npy,data\processed\satellite\hursat_genesis_2005255N20087_MISSING_0.npy,"(128, 128)",float32,0.07423072308301926,0.8743076920509338,0.47213953733444214,0.23378333449363708,False,False,True,2005255N20088,NIO_2005255N20,2005,2005-09-12 06:00:00 UTC,20.4,86.8,25.0,Depression / Low,HURSAT-B1 v06,VALID
hursat_genesis_2005255N20087_MISSING_1.npy,data\processed\satellite\hursat_genesis_2005255N20087_MISSING_1.npy,"(128, 128)",float32,0.10138455778360367,0.8801537156105042,0.4830612540245056,0.2436765879392624,False,False,False,2005255N20087,MISSING,2005,UNINDEXED,,,,UNINDEXED,HURSAT-B1 v06,VALID_IMAGE_UNLABELED
hursat_genesis_2005255N20087_MISSING_2.npy,data\processed\satellite\hursat_genesis_2005255N20087_MISSING_2.npy,"(128, 128)",float32,0.0896153375506401,0.7910768985748291,0.36216288805007935,0.2275046408176422,False,False,False,2005255N20087,MISSING,2005,UNINDEXED,,,,UNINDEXED,HURSAT-B1 v06,VALID_IMAGE_UNLABELED
hursat_genesis_2005255N20087_MISSING_3.npy,data\processed\satellite\hursat_genesis_2005255N20087_MISSING_3.npy,"(128, 128)",float32,0.04238457232713699,0.8660768866539001,0.46248501539230347,0.20952565968036652,False,False,True,2005255N20088,NIO_2005255N20,2005,2005-09-12 09:00:00 UTC,20.7,85.8,25.0,Depression / Low,HURSAT-B1 v06,VALID
hursat_genesis_2005257N20068_MISSING_0.npy,data\processed\satellite\hursat_genesis_2005257N20068_MISSING_0.npy,"(128, 128)",float32,0.08384610712528229,0.9036921858787537,0.662388801574707,0.24109241366386414,False,False,True,2005257N20069,NIO_2005257N20,2005,2005-09-14 06:00:00 UTC,20.2,68.3,25.0,Depression / Low,HURSAT-B1 v06,VALID
hursat_genesis_2005257N20068_MISSING_1.npy,data\processed\satellite\hursat_genesis_2005257N20068_MISSING_1.npy,"(128, 128)",float32,0.06553849577903748,0.867692232131958,0.6292267441749573,0.2394421100616455,False,False,False,2005257N20068,MISSING,2005,UNINDEXED,,,,UNINDEXED,HURSAT-B1 v06,VALID_IMAGE_UNLABELED
hursat_genesis_2005257N20068_MISSING_2.npy,data\processed\satellite\hursat_genesis_2005257N20068_MISSING_2.npy,"(128, 128)",float32,0.06684616953134537,0.8131538033485413,0.47648921608924866,0.2335166186094284,False,False,False,2005257N20068,MISSING,2005,UNINDEXED,,,,UNINDEXED,HURSAT-B1 v06,VALID_IMAGE_UNLABELED
hursat_genesis_2005257N20068_MISSING_3.npy,data\processed\satellite\hursat_genesis_2005257N20068_MISSING_3.npy,"(128, 128)",float32,0.05907686799764633,0.8040769100189209,0.42183226346969604,0.23488599061965942,False,False,False,2005257N20068,MISSING,2005,UNINDEXED,,,,UNINDEXED,HURSAT-B1 v06,VALID_IMAGE_UNLABELED
hursat_genesis_2005260N20090_MISSING_0.npy,data\processed\satellite\hursat_genesis_2005260N20090_MISSING_0.npy,"(128, 128)",float32,0.0,0.8589998483657837,0.5392354130744934,0.22865228354930878,False,False,True,2005260N20091,NIO_2005260N20,2005,2005-09-17 06:00:00 UTC,20.2,90.4,25.0,Depression / Low,HURSAT-B1 v06,VALID
hursat_genesis_2005260N20090_MISSING_1.npy,data\processed\satellite\hursat_genesis_2005260N20090_MISSING_1.npy,"(128, 128)",float32,0.0592307448387146,0.8669999241828918,0.5419028997421265,0.22853359580039978,False,False,False,2005260N20090,MISSING,2005,UNINDEXED,,,,UNINDEXED,HURSAT-B1 v06,VALID_IMAGE_UNLABELED
hursat_genesis_2005260N20090_MISSING_2.npy,data\processed\satellite\hursat_genesis_2005260N20090_MISSING_2.npy,"(128, 128)",float32,0.07261539995670319,0.794769287109375,0.3940123915672302,0.1983875036239624,False,False,False,2005260N20090,MISSING,2005,UNINDEXED,,,,UNINDEXED,HURSAT-B1 v06,VALID_IMAGE_UNLABELED
hursat_genesis_2005260N20090_MISSING_3.npy,data\processed\satellite\hursat_genesis_2005260N20090_MISSING_3.npy,"(128, 128)",float32,0.014384577982127666,0.8772308230400085,0.5095013976097107,0.2177371382713318,False,False,True,2005260N20091,NIO_2005260N20,2005,2005-09-17 09:00:00 UTC,20.3,90.3,25.0,Depression / Low,HURSAT-B1 v06,VALID
hursat_genesis_2005274N17086_MISSING_0.npy,data\processed\satellite\hursat_genesis_2005274N17086_MISSING_0.npy,"(128, 128)",float32,0.0559999905526638,0.9260770082473755,0.47335219383239746,0.20653915405273438,False,False,True,2005274N17086,NIO_2005274N17,2005,2005-10-01 06:00:00 UTC,17.4,85.9,15.0,Depression / Low,HURSAT-B1 v06,VALID
hursat_genesis_2005274N17086_MISSING_1.npy,data\processed\satellite\hursat_genesis_2005274N17086_MISSING_1.npy,"(128, 128)",float32,0.07600003480911255,0.9319230318069458,0.4583168923854828,0.21373876929283142,False,False,False,2005274N17086,MISSING,2005,UNINDEXED,,,,UNINDEXED,HURSAT-B1 v06,VALID_IMAGE_UNLABELED
hursat_genesis_2005274N17086_MISSING_2.npy,data\processed\satellite\hursat_genesis_2005274N17086_MISSING_2.npy,"(128, 128)",float32,0.058076947927474976,0.8843076229095459,0.3753620982170105,0.1965877264738083,False,False,False,2005274N17086,MISSING,2005,UNINDEXED,,,,UNINDEXED,HURSAT-B1 v06,VALID_IMAGE_UNLABELED
hursat_genesis_2005274N17086_MISSING_3.npy,data\processed\satellite\hursat_genesis_2005274N17086_MISSING_3.npy,"(128, 128)",float32,0.01015390269458294,0.895538330078125,0.4601079225540161,0.19770118594169617,False,False,True,2005274N17086,NIO_2005274N17,2005,2005-10-01 09:00:00 UTC,17.7,85.8,18.0,Depression / Low,HURSAT-B1 v06,VALID
hursat_genesis_2005298N12088_MISSING_0.npy,data\processed\satellite\hursat_genesis_2005298N12088_MISSING_0.npy,"(128, 128)",float32,0.11761533468961716,0.8575382828712463,0.5779885053634644,0.22063438594341278,False,False,True,2005298N12088,NIO_2005298N12,2005,2005-10-25 00:00:00 UTC,12.4,87.6,15.0,Depression / Low,HURSAT-B1 v06,VALID
hursat_genesis_2005298N12088_MISSING_1.npy,data\processed\satellite\hursat_genesis_2005298N12088_MISSING_1.npy,"(128, 128)",float32,0.0974615216255188,0.8522308468818665,0.5529891848564148,0.2319968193769455,False,False,False,2005298N12088,MISSING,2005,UNINDEXED,,,,UNINDEXED,HURSAT-B1 v06,VALID_IMAGE_UNLABELED
hursat_genesis_2005298N12088_MISSING_2.npy,data\processed\satellite\hursat_genesis_2005298N12088_MISSING_2.npy,"(128, 128)",float32,0.09469228982925415,0.8393076062202454,0.5138768553733826,0.23089207708835602,False,False,False,2005298N12088,MISSING,2005,UNINDEXED,,,,UNINDEXED,HURSAT-B1 v06,VALID_IMAGE_UNLABELED
hursat_genesis_2005298N12088_MISSING_3.npy,data\processed\satellite\hursat_genesis_2005298N12088_MISSING_3.npy,"(128, 128)",float32,0.09523081034421921,0.7892308235168457,0.3974122405052185,0.19472716748714447,False,False,False,2005298N12088,MISSING,2005,UNINDEXED,,,,UNINDEXED,HURSAT-B1 v06,VALID_IMAGE_UNLABELED
hursat_genesis_2005324N08085_MISSING_0.npy,data\processed\satellite\hursat_genesis_2005324N08085_MISSING_0.npy,"(128, 128)",float32,0.0037692729383707047,0.8666921854019165,0.6294692158699036,0.22092901170253754,False,False,True,2005324N08085,NIO_2005324N08,2005,2005-11-20 06:00:00 UTC,8.0,84.5,25.0,Depression / Low,HURSAT-B1 v06,VALID
hursat_genesis_2005324N08085_MISSING_1.npy,data\processed\satellite\hursat_genesis_2005324N08085_MISSING_1.npy,"(128, 128)",float32,0.09969235956668854,0.8699230551719666,0.6310158967971802,0.21422316133975983,False,False,False,2005324N08085,MISSING,2005,UNINDEXED,,,,UNINDEXED,HURSAT-B1 v06,VALID_IMAGE_UNLABELED
hursat_genesis_2005324N08085_MISSING_2.npy,data\processed\satellite\hursat_genesis_2005324N08085_MISSING_2.npy,"(128, 128)",float32,0.09861543774604797,0.8436922430992126,0.5782349109649658,0.21213512122631073,False,False,False,2005324N08085,MISSING,2005,UNINDEXED,,,,UNINDEXED,HURSAT-B1 v06,VALID_IMAGE_UNLABELED
hursat_genesis_2005324N08085_MISSING_3.npy,data\processed\satellite\hursat_genesis_2005324N08085_MISSING_3.npy,"(128, 128)",float32,0.0037692729383707047,0.8693077564239502,0.6415265798568726,0.23712795972824097,False,False,True,2005324N08085,NIO_2005324N08,2005,2005-11-20 09:00:00 UTC,8.0,84.5,25.0,Depression / Low,HURSAT-B1 v06,VALID
hursat_genesis_2005330N09096_BAAZ_0.npy,data\processed\satellite\hursat_genesis_2005330N09096_BAAZ_0.npy,"(128, 128)",float32,0.01576925441622734,0.893153727054596,0.5434549450874329,0.18916355073451996,False,False,True,2005330N09096,BAAZ,2005,2005-11-26 06:00:00 UTC,9.4,96.1,15.0,Depression / Low,HURSAT-B1 v06,VALID
hursat_genesis_2005330N09096_BAAZ_1.npy,data\processed\satellite\hursat_genesis_2005330N09096_BAAZ_1.npy,"(128, 128)",float32,0.07999995350837708,0.8828460574150085,0.526538610458374,0.181118905544281,False,False,False,2005330N09096,BAAZ,2005,UNINDEXED,,,,UNINDEXED,HURSAT-B1 v06,VALID_IMAGE_UNLABELED
hursat_genesis_2005330N09096_BAAZ_2.npy,data\processed\satellite\hursat_genesis_2005330N09096_BAAZ_2.npy,"(128, 128)",float32,0.07123072445392609,0.8755385279655457,0.5092377066612244,0.17963765561580658,False,False,False,2005330N09096,BAAZ,2005,UNINDEXED,,,,UNINDEXED,HURSAT-B1 v06,VALID_IMAGE_UNLABELED
hursat_genesis_2005330N09096_BAAZ_3.npy,data\processed\satellite\hursat_genesis_2005330N09096_BAAZ_3.npy,"(128, 128)",float32,0.053769271820783615,0.8914616703987122,0.5310782194137573,0.1871403157711029,False,False,True,2005330N09096,BAAZ,2005,2005-11-26 09:00:00 UTC,9.6,95.8,15.0,Depression / Low,HURSAT-B1 v06,VALID
hursat_genesis_2005338N09093_FANOOS_0.npy,data\processed\satellite\hursat_genesis_2005338N09093_FANOOS_0.npy,"(128, 128)",float32,0.13184614479541779,0.8581538200378418,0.5745359659194946,0.20262283086776733,False,False,True,2005338N09093,FANOOS,2005,2005-12-04 06:00:00 UTC,8.7,93.0,20.0,Depression / Low,HURSAT-B1 v06,VALID
hursat_genesis_2005338N09093_FANOOS_1.npy,data\processed\satellite\hursat_genesis_2005338N09093_FANOOS_1.npy,"(128, 128)",float32,0.1091538667678833,0.8504615426063538,0.5437635183334351,0.21345281600952148,False,False,False,2005338N09093,FANOOS,2005,UNINDEXED,,,,UNINDEXED,HURSAT-B1 v06,VALID_IMAGE_UNLABELED
hursat_genesis_2005338N09093_FANOOS_2.npy,data\processed\satellite\hursat_genesis_2005338N09093_FANOOS_2.npy,"(128, 128)",float32,0.09761540591716766,0.8488461971282959,0.523187518119812,0.2140692174434662,False,False,False,2005338N09093,FANOOS,2005,UNINDEXED,,,,UNINDEXED,HURSAT-B1 v06,VALID_IMAGE_UNLABELED
hursat_genesis_2005338N09093_FANOOS_3.npy,data\processed\satellite\hursat_genesis_2005338N09093_FANOOS_3.npy,"(128, 128)",float32,0.12061532586812973,0.8556152582168579,0.5371177196502686,0.18997111916542053,False,False,True,2005338N09093,FANOOS,2005,2005-12-04 09:00:00 UTC,8.9,92.7,20.0,Depression / Low,HURSAT-B1 v06,VALID
hursat_genesis_2005349N06090_MISSING_0.npy,data\processed\satellite\hursat_genesis_2005349N06090_MISSING_0.npy,"(128, 128)",float32,0.0,0.8488461971282959,0.4472574293613434,0.2005939483642578,False,False,True,2005349N06090,NIO_2005349N06,2005,2005-12-14 18:00:00 UTC,6.4,89.9,15.0,Depression / Low,HURSAT-B1 v06,VALID
hursat_genesis_2005349N06090_MISSING_1.npy,data\processed\satellite\hursat_genesis_2005349N06090_MISSING_1.npy,"(128, 128)",float32,0.06792309135198593,0.8271538615226746,0.43602731823921204,0.18998700380325317,False,False,False,2005349N06090,MISSING,2005,UNINDEXED,,,,UNINDEXED,HURSAT-B1 v06,VALID_IMAGE_UNLABELED
hursat_genesis_2005349N06090_MISSING_2.npy,data\processed\satellite\hursat_genesis_2005349N06090_MISSING_2.npy,"(128, 128)",float32,0.08923081308603287,0.8303077220916748,0.40782245993614197,0.17385537922382355,False,False,False,2005349N06090,MISSING,2005,UNINDEXED,,,,UNINDEXED,HURSAT-B1 v06,VALID_IMAGE_UNLABELED
hursat_genesis_2005349N06090_MISSING_3.npy,data\processed\satellite\hursat_genesis_2005349N06090_MISSING_3.npy,"(128, 128)",float32,0.040153857320547104,0.8574615716934204,0.46055734157562256,0.20123854279518127,False,False,True,2005349N06090,NIO_2005349N06,2005,2005-12-14 21:00:00 UTC,6.9,89.4,15.0,Depression / Low,HURSAT-B1 v06,VALID
hursat_genesis_2006012N03081_MISSING_0.npy,data\processed\satellite\hursat_genesis_2006012N03081_MISSING_0.npy,"(128, 128)",float32,0.07438459992408752,0.8553076982498169,0.5650390386581421,0.20361720025539398,False,False,True,2006012N03081,NIO_2006012N03,2006,2006-01-12 00:00:00 UTC,2.9,81.1,15.0,Depression / Low,HURSAT-B1 v06,VALID
hursat_genesis_2006012N03081_MISSING_1.npy,data\processed\satellite\hursat_genesis_2006012N03081_MISSING_1.npy,"(128, 128)",float32,0.01246150117367506,0.8483076691627502,0.5664204955101013,0.1964915692806244,False,False,False,2006012N03081,MISSING,2006,UNINDEXED,,,,UNINDEXED,HURSAT-B1 v06,VALID_IMAGE_UNLABELED
hursat_genesis_2006012N03081_MISSING_2.npy,data\processed\satellite\hursat_genesis_2006012N03081_MISSING_2.npy,"(128, 128)",float32,0.06976928561925888,0.8236154317855835,0.4646017551422119,0.18919257819652557,False,False,False,2006012N03081,MISSING,2006,UNINDEXED,,,,UNINDEXED,HURSAT-B1 v06,VALID_IMAGE_UNLABELED
hursat_genesis_2006012N03081_MISSING_3.npy,data\processed\satellite\hursat_genesis_2006012N03081_MISSING_3.npy,"(128, 128)",float32,0.042769212275743484,0.8658461570739746,0.5964783430099487,0.20250478386878967,False,False,True,2006012N03081,NIO_2006012N03,2006,2006-01-12 03:00:00 UTC,2.9,80.8,15.0,Depression / Low,HURSAT-B1 v06,VALID
hursat_genesis_2006114N08090_MALA_0.npy,data\processed\satellite\hursat_genesis_2006114N08090_MALA_0.npy,"(128, 128)",float32,0.00030775804771110415,0.8586153388023376,0.41534513235092163,0.17035676538944244,False,False,True,2006114N08090,MALA,2006,2006-04-24 06:00:00 UTC,8.4,90.1,20.0,Depression / Low,HURSAT-B1 v06,VALID
hursat_genesis_2006114N08090_MALA_1.npy,data\processed\satellite\hursat_genesis_2006114N08090_MALA_1.npy,"(128, 128)",float32,0.06753845512866974,0.8885385394096375,0.41839075088500977,0.1723814457654953,False,False,False,2006114N08090,MALA,2006,UNINDEXED,,,,UNINDEXED,HURSAT-B1 v06,VALID_IMAGE_UNLABELED
hursat_genesis_2006114N08090_MALA_2.npy,data\processed\satellite\hursat_genesis_2006114N08090_MALA_2.npy,"(128, 128)",float32,0.09153841435909271,0.8601539134979248,0.3924064636230469,0.15850049257278442,False,False,False,2006114N08090,MALA,2006,UNINDEXED,,,,UNINDEXED,HURSAT-B1 v06,VALID_IMAGE_UNLABELED
hursat_genesis_2006114N08090_MALA_3.npy,data\processed\satellite\hursat_genesis_2006114N08090_MALA_3.npy,"(128, 128)",float32,0.016307653859257698,0.8630000352859497,0.426205575466156,0.17119118571281433,False,False,True,2006114N08090,MALA,2006,2006-04-24 09:00:00 UTC,8.5,89.9,23.0,Depression / Low,HURSAT-B1 v06,VALID
hursat_genesis_2006182N20088_MISSING_0.npy,data\processed\satellite\hursat_genesis_2006182N20088_MISSING_0.npy,"(128, 128)",float32,0.0,0.8564615249633789,0.4884481132030487,0.2466268092393875,False,False,True,2006182N20088,NIO_2006182N20,2006,2006-06-30 18:00:00 UTC,20.0,88.3,15.0,Depression / Low,HURSAT-B1 v06,VALID
hursat_genesis_2006182N20088_MISSING_1.npy,data\processed\satellite\hursat_genesis_2006182N20088_MISSING_1.npy,"(128, 128)",float32,0.02500000037252903,0.8581538200378418,0.4808838367462158,0.2346370816230774,False,False,False,2006182N20088,MISSING,2006,UNINDEXED,,,,UNINDEXED,HURSAT-B1 v06,VALID_IMAGE_UNLABELED
hursat_genesis_2006182N20088_MISSING_2.npy,data\processed\satellite\hursat_genesis_2006182N20088_MISSING_2.npy,"(128, 128)",float32,0.04915384203195572,0.8383075594902039,0.44272568821907043,0.2269788682460785,False,False,False,2006182N20088,MISSING,2006,UNINDEXED,,,,UNINDEXED,HURSAT-B1 v06,VALID_IMAGE_UNLABELED
hursat_genesis_2006182N20088_MISSING_3.npy,data\processed\satellite\hursat_genesis_2006182N20088_MISSING_3.npy,"(128, 128)",float32,0.0,0.8533846139907837,0.4634418487548828,0.27658623456954956,False,False,True,2006182N20088,NIO_2006182N20,2006,2006-06-30 21:00:00 UTC,20.2,88.3,15.0,Depression / Low,HURSAT-B1 v06,VALID
hursat_genesis_2006214N21088_MISSING_0.npy,data\processed\satellite\hursat_genesis_2006214N21088_MISSING_0.npy,"(128, 128)",float32,0.062461499124765396,0.8830768465995789,0.6026922464370728,0.23582252860069275,False,False,True,2006214N20088,NIO_2006214N20,2006,2006-08-02 06:00:00 UTC,20.5,87.5,25.0,Depression / Low,HURSAT-B1 v06,VALID
hursat_genesis_2006214N21088_MISSING_1.npy,data\processed\satellite\hursat_genesis_2006214N21088_MISSING_1.npy,"(128, 128)",float32,0.09515380859375,0.8776153326034546,0.6033508777618408,0.23752525448799133,False,False,False,2006214N21088,MISSING,2006,UNINDEXED,,,,UNINDEXED,HURSAT-B1 v06,VALID_IMAGE_UNLABELED
hursat_genesis_2006214N21088_MISSING_2.npy,data\processed\satellite\hursat_genesis_2006214N21088_MISSING_2.npy,"(128, 128)",float32,0.10053851455450058,0.858923077583313,0.554051399230957,0.24173691868782043,False,False,False,2006214N21088,MISSING,2006,UNINDEXED,,,,UNINDEXED,HURSAT-B1 v06,VALID_IMAGE_UNLABELED
hursat_genesis_2006214N21088_MISSING_3.npy,data\processed\satellite\hursat_genesis_2006214N21088_MISSING_3.npy,"(128, 128)",float32,0.043153852224349976,0.8743844628334045,0.5662885904312134,0.24363067746162415,False,False,True,2006214N20088,NIO_2006214N20,2006,2006-08-02 09:00:00 UTC,20.0,87.0,30.0,Depression / Low,HURSAT-B1 v06,VALID
hursat_genesis_2006224N21088_MISSING_0.npy,data\processed\satellite\hursat_genesis_2006224N21088_MISSING_0.npy,"(128, 128)",float32,0.1940000057220459,0.8928462266921997,0.6707139015197754,0.20255692303180695,False,False,True,2006224N21088,NIO_2006224N21,2006,2006-08-12 06:00:00 UTC,21.0,88.0,25.0,Depression / Low,HURSAT-B1 v06,VALID
hursat_genesis_2006224N21088_MISSING_1.npy,data\processed\satellite\hursat_genesis_2006224N21088_MISSING_1.npy,"(128, 128)",float32,0.15853846073150635,0.8971538543701172,0.6633582711219788,0.21806946396827698,False,False,False,2006224N21088,MISSING,2006,UNINDEXED,,,,UNINDEXED,HURSAT-B1 v06,VALID_IMAGE_UNLABELED
hursat_genesis_2006224N21088_MISSING_2.npy,data\processed\satellite\hursat_genesis_2006224N21088_MISSING_2.npy,"(128, 128)",float32,0.16261537373065948,0.869769275188446,0.6203596591949463,0.22394677996635437,False,False,False,2006224N21088,MISSING,2006,UNINDEXED,,,,UNINDEXED,HURSAT-B1 v06,VALID_IMAGE_UNLABELED
hursat_genesis_2006224N21088_MISSING_3.npy,data\processed\satellite\hursat_genesis_2006224N21088_MISSING_3.npy,"(128, 128)",float32,0.11499997973442078,0.8820767998695374,0.6680920124053955,0.19762951135635376,False,False,True,2006224N21088,NIO_2006224N21,2006,2006-08-12 09:00:00 UTC,21.0,87.5,25.0,Depression / Low,HURSAT-B1 v06,VALID
hursat_genesis_2006228N21088_MISSING_0.npy,data\processed\satellite\hursat_genesis_2006228N21088_MISSING_0.npy,"(128, 128)",float32,0.16023078560829163,0.9290769100189209,0.5241730213165283,0.24468137323856354,False,False,True,2006228N21088,NIO_2006228N21,2006,2006-08-16 06:00:00 UTC,20.5,87.5,25.0,Depression / Low,HURSAT-B1 v06,VALID
hursat_genesis_2006228N21088_MISSING_1.npy,data\processed\satellite\hursat_genesis_2006228N21088_MISSING_1.npy,"(128, 128)",float32,0.11138458549976349,0.9336923360824585,0.5108102560043335,0.26743125915527344,False,False,False,2006228N21088,MISSING,2006,UNINDEXED,,,,UNINDEXED,HURSAT-B1 v06,VALID_IMAGE_UNLABELED
hursat_genesis_2006228N21088_MISSING_2.npy,data\processed\satellite\hursat_genesis_2006228N21088_MISSING_2.npy,"(128, 128)",float32,0.09284620732069016,0.9055384993553162,0.4560920298099518,0.2704385817050934,False,False,False,2006228N21088,MISSING,2006,UNINDEXED,,,,UNINDEXED,HURSAT-B1 v06,VALID_IMAGE_UNLABELED
hursat_genesis_2006228N21088_MISSING_3.npy,data\processed\satellite\hursat_genesis_2006228N21088_MISSING_3.npy,"(128, 128)",float32,0.15046152472496033,0.9203845858573914,0.4921107888221741,0.2196693867444992,False,False,True,2006228N21088,NIO_2006228N21,2006,2006-08-16 09:00:00 UTC,20.5,87.5,25.0,Depression / Low,HURSAT-B1 v06,VALID
hursat_genesis_2006241N21087_MISSING_0.npy,data\processed\satellite\hursat_genesis_2006241N21087_MISSING_0.npy,"(128, 128)",float32,0.04438464716076851,0.8708460927009583,0.5260268449783325,0.20868003368377686,False,False,True,2006241N20088,NIO_2006241N20,2006,2006-08-29 06:00:00 UTC,20.5,86.5,25.0,Depression / Low,HURSAT-B1 v06,VALID
hursat_genesis_2006241N21087_MISSING_1.npy,data\processed\satellite\hursat_genesis_2006241N21087_MISSING_1.npy,"(128, 128)",float32,0.08992309868335724,0.873846173286438,0.5273685455322266,0.21223607659339905,False,False,False,2006241N21087,MISSING,2006,UNINDEXED,,,,UNINDEXED,HURSAT-B1 v06,VALID_IMAGE_UNLABELED
hursat_genesis_2006241N21087_MISSING_2.npy,data\processed\satellite\hursat_genesis_2006241N21087_MISSING_2.npy,"(128, 128)",float32,0.08930769562721252,0.8389230370521545,0.45761340856552124,0.21732045710086823,False,False,False,2006241N21087,MISSING,2006,UNINDEXED,,,,UNINDEXED,HURSAT-B1 v06,VALID_IMAGE_UNLABELED
hursat_genesis_2006241N21087_MISSING_3.npy,data\processed\satellite\hursat_genesis_2006241N21087_MISSING_3.npy,"(128, 128)",float32,0.058999985456466675,0.8586923480033875,0.4863167405128479,0.1893506497144699,False,False,True,2006241N20088,NIO_2006241N20,2006,2006-08-29 09:00:00 UTC,21.0,85.0,25.0,Depression / Low,HURSAT-B1 v06,VALID
hursat_genesis_2006247N21089_MISSING_0.npy,data\processed\satellite\hursat_genesis_2006247N21089_MISSING_0.npy,"(128, 128)",float32,0.10446155071258545,0.8820767998695374,0.5865511894226074,0.19403427839279175,False,False,True,2006247N21089,NIO_2006247N21,2006,2006-09-03 12:00:00 UTC,20.5,88.5,25.0,Depression / Low,HURSAT-B1 v06,VALID
hursat_genesis_2006247N21089_MISSING_1.npy,data\processed\satellite\hursat_genesis_2006247N21089_MISSING_1.npy,"(128, 128)",float32,0.08953845500946045,0.8749229907989502,0.5585049390792847,0.20168738067150116,False,False,False,2006247N21089,MISSING,2006,UNINDEXED,,,,UNINDEXED,HURSAT-B1 v06,VALID_IMAGE_UNLABELED
hursat_genesis_2006247N21089_MISSING_2.npy,data\processed\satellite\hursat_genesis_2006247N21089_MISSING_2.npy,"(128, 128)",float32,0.12376920133829117,0.8663846254348755,0.5178311467170715,0.19884970784187317,False,False,False,2006247N21089,MISSING,2006,UNINDEXED,,,,UNINDEXED,HURSAT-B1 v06,VALID_IMAGE_UNLABELED
hursat_genesis_2006247N21089_MISSING_3.npy,data\processed\satellite\hursat_genesis_2006247N21089_MISSING_3.npy,"(128, 128)",float32,0.1385384202003479,0.8763075470924377,0.6190155148506165,0.21137498319149017,False,False,True,2006247N21089,NIO_2006247N21,2006,2006-09-03 15:00:00 UTC,20.5,88.0,25.0,Depression / Low,HURSAT-B1 v06,VALID
hursat_genesis_2006262N19069_MUKDA_0.npy,data\processed\satellite\hursat_genesis_2006262N19069_MUKDA_0.npy,"(128, 128)",float32,0.05476919189095497,0.9186922311782837,0.6946588158607483,0.2160964012145996,False,False,True,2006262N19069,MUKDA,2006,2006-09-19 06:00:00 UTC,19.4,68.7,20.0,Depression / Low,HURSAT-B1 v06,VALID
hursat_genesis_2006262N19069_MUKDA_1.npy,data\processed\satellite\hursat_genesis_2006262N19069_MUKDA_1.npy,"(128, 128)",float32,0.0680769681930542,0.9007692933082581,0.6656796336174011,0.21815529465675354,False,False,False,2006262N19069,MUKDA,2006,UNINDEXED,,,,UNINDEXED,HURSAT-B1 v06,VALID_IMAGE_UNLABELED
hursat_genesis_2006262N19069_MUKDA_2.npy,data\processed\satellite\hursat_genesis_2006262N19069_MUKDA_2.npy,"(128, 128)",float32,0.080230712890625,0.8092308640480042,0.48064395785331726,0.20772342383861542,False,False,False,2006262N19069,MUKDA,2006,UNINDEXED,,,,UNINDEXED,HURSAT-B1 v06,VALID_IMAGE_UNLABELED
hursat_genesis_2006262N19069_MUKDA_3.npy,data\processed\satellite\hursat_genesis_2006262N19069_MUKDA_3.npy,"(128, 128)",float32,0.09084613621234894,0.9418461918830872,0.6508023738861084,0.23267023265361786,False,False,True,2006262N19069,MUKDA,2006,2006-09-19 09:00:00 UTC,19.4,68.5,20.0,Depression / Low,HURSAT-B1 v06,VALID
hursat_genesis_2006264N23087_MISSING_0.npy,data\processed\satellite\hursat_genesis_2006264N23087_MISSING_0.npy,"(128, 128)",float32,0.06361541897058487,0.8304615020751953,0.4929051399230957,0.1813870370388031,False,False,True,2006264N23087,NIO_2006264N23,2006,2006-09-21 06:00:00 UTC,23.0,86.5,25.0,Depression / Low,HURSAT-B1 v06,VALID
hursat_genesis_2006264N23087_MISSING_1.npy,data\processed\satellite\hursat_genesis_2006264N23087_MISSING_1.npy,"(128, 128)",float32,0.09223081171512604,0.8303077220916748,0.4900052845478058,0.1869526505470276,False,False,False,2006264N23087,MISSING,2006,UNINDEXED,,,,UNINDEXED,HURSAT-B1 v06,VALID_IMAGE_UNLABELED
hursat_genesis_2006264N23087_MISSING_2.npy,data\processed\satellite\hursat_genesis_2006264N23087_MISSING_2.npy,"(128, 128)",float32,0.10561535507440567,0.799230694770813,0.4497711658477783,0.1810416877269745,False,False,False,2006264N23087,MISSING,2006,UNINDEXED,,,,UNINDEXED,HURSAT-B1 v06,VALID_IMAGE_UNLABELED
hursat_genesis_2006264N23087_MISSING_3.npy,data\processed\satellite\hursat_genesis_2006264N23087_MISSING_3.npy,"(128, 128)",float32,0.058615345507860184,0.8262308239936829,0.4739086925983429,0.16993342339992523,False,False,True,2006264N23087,NIO_2006264N23,2006,2006-09-21 09:00:00 UTC,23.0,86.5,25.0,Depression / Low,HURSAT-B1 v06,VALID
hursat_genesis_2006271N18089_MISSING_0.npy,data\processed\satellite\hursat_genesis_2006271N18089_MISSING_0.npy,"(128, 128)",float32,0.029461553320288658,0.8670769333839417,0.5057480335235596,0.24426288902759552,False,False,True,2006271N18089,NIO_2006271N18,2006,2006-09-28 00:00:00 UTC,17.7,89.4,20.0,Depression / Low,HURSAT-B1 v06,VALID
hursat_genesis_2006271N18089_MISSING_1.npy,data\processed\satellite\hursat_genesis_2006271N18089_MISSING_1.npy,"(128, 128)",float32,0.03853841871023178,0.8791539072990417,0.48811280727386475,0.24109408259391785,False,False,False,2006271N18089,MISSING,2006,UNINDEXED,,,,UNINDEXED,HURSAT-B1 v06,VALID_IMAGE_UNLABELED
hursat_genesis_2006271N18089_MISSING_2.npy,data\processed\satellite\hursat_genesis_2006271N18089_MISSING_2.npy,"(128, 128)",float32,0.06976928561925888,0.8574615716934204,0.4526495933532715,0.22945885360240936,False,False,False,2006271N18089,MISSING,2006,UNINDEXED,,,,UNINDEXED,HURSAT-B1 v06,VALID_IMAGE_UNLABELED
hursat_genesis_2006271N18089_MISSING_3.npy,data\processed\satellite\hursat_genesis_2006271N18089_MISSING_3.npy,"(128, 128)",float32,0.044461529701948166,0.8753077387809753,0.5028570294380188,0.2401631772518158,False,False,True,2006271N18089,NIO_2006271N18,2006,2006-09-28 03:00:00 UTC,17.8,89.0,25.0,Depression / Low,HURSAT-B1 v06,VALID
hursat_genesis_2006300N07078_MISSING_0.npy,data\processed\satellite\hursat_genesis_2006300N07078_MISSING_0.npy,"(128, 128)",float32,0.12423072010278702,0.8796921968460083,0.4718036651611328,0.17415103316307068,False,False,True,2006300N07078,NIO_2006300N07,2006,2006-10-27 06:00:00 UTC,7.4,78.1,15.0,Depression / Low,HURSAT-B1 v06,VALID
hursat_genesis_2006300N07078_MISSING_1.npy,data\processed\satellite\hursat_genesis_2006300N07078_MISSING_1.npy,"(128, 128)",float32,0.01838461123406887,0.8596153855323792,0.4328082799911499,0.18208901584148407,False,False,False,2006300N07078,MISSING,2006,UNINDEXED,,,,UNINDEXED,HURSAT-B1 v06,VALID_IMAGE_UNLABELED
hursat_genesis_2006300N07078_MISSING_2.npy,data\processed\satellite\hursat_genesis_2006300N07078_MISSING_2.npy,"(128, 128)",float32,0.11938464641571045,0.7977691888809204,0.35459890961647034,0.14032024145126343,False,False,False,2006300N07078,MISSING,2006,UNINDEXED,,,,UNINDEXED,HURSAT-B1 v06,VALID_IMAGE_UNLABELED
hursat_genesis_2006300N07078_MISSING_3.npy,data\processed\satellite\hursat_genesis_2006300N07078_MISSING_3.npy,"(128, 128)",float32,0.12423072010278702,0.8835383653640747,0.484138160943985,0.16848310828208923,False,False,True,2006300N07078,NIO_2006300N07,2006,2006-10-27 09:00:00 UTC,8.0,78.2,15.0,Depression / Low,HURSAT-B1 v06,VALID
hursat_genesis_2007133N15091_AKASH_0.npy,data\processed\satellite\hursat_genesis_2007133N15091_AKASH_0.npy,"(128, 128)",float32,0.04299997165799141,0.8933077454566956,0.45224565267562866,0.20713135600090027,False,False,True,2007133N15091,AKASH,2007,2007-05-13 00:00:00 UTC,14.8,90.7,25.0,Depression / Low,HURSAT-B1 v06,VALID
hursat_genesis_2007133N15091_AKASH_1.npy,data\processed\satellite\hursat_genesis_2007133N15091_AKASH_1.npy,"(128, 128)",float32,0.04700000584125519,0.9078460931777954,0.4237591028213501,0.20856158435344696,False,False,False,2007133N15091,AKASH,2007,UNINDEXED,,,,UNINDEXED,HURSAT-B1 v06,VALID_IMAGE_UNLABELED
hursat_genesis_2007133N15091_AKASH_2.npy,data\processed\satellite\hursat_genesis_2007133N15091_AKASH_2.npy,"(128, 128)",float32,0.05884610861539841,0.8863077163696289,0.40196311473846436,0.20138724148273468,False,False,False,2007133N15091,AKASH,2007,UNINDEXED,,,,UNINDEXED,HURSAT-B1 v06,VALID_IMAGE_UNLABELED
hursat_genesis_2007133N15091_AKASH_3.npy,data\processed\satellite\hursat_genesis_2007133N15091_AKASH_3.npy,"(128, 128)",float32,0.13969233632087708,0.9354614019393921,0.5292971134185791,0.20895792543888092,False,False,True,2007133N15091,AKASH,2007,2007-05-13 03:00:00 UTC,14.9,90.8,25.0,Depression / Low,HURSAT-B1 v06,VALID
hursat_genesis_2007151N14072_GONU_0.npy,data\processed\satellite\hursat_genesis_2007151N14072_GONU_0.npy,"(128, 128)",float32,0.10892310738563538,0.9975383877754211,0.5818675756454468,0.252969354391098,False,False,True,2007151N14072,GONU,2007,2007-05-31 06:00:00 UTC,13.7,71.6,15.0,Depression / Low,HURSAT-B1 v06,VALID
hursat_genesis_2007151N14072_GONU_1.npy,data\processed\satellite\hursat_genesis_2007151N14072_GONU_1.npy,"(128, 128)",float32,0.12461536377668381,0.9991539716720581,0.5795657634735107,0.2366495579481125,False,False,False,2007151N14072,GONU,2007,UNINDEXED,,,,UNINDEXED,HURSAT-B1 v06,VALID_IMAGE_UNLABELED
hursat_genesis_2007151N14072_GONU_2.npy,data\processed\satellite\hursat_genesis_2007151N14072_GONU_2.npy,"(128, 128)",float32,0.12530763447284698,0.8791539072990417,0.4545372724533081,0.2272356003522873,False,False,False,2007151N14072,GONU,2007,UNINDEXED,,,,UNINDEXED,HURSAT-B1 v06,VALID_IMAGE_UNLABELED
hursat_genesis_2007151N14072_GONU_3.npy,data\processed\satellite\hursat_genesis_2007151N14072_GONU_3.npy,"(128, 128)",float32,0.06361541897058487,1.0,0.5689505338668823,0.24973128736019135,False,False,True,2007151N14072,GONU,2007,2007-05-31 09:00:00 UTC,13.9,71.7,15.0,Depression / Low,HURSAT-B1 v06,VALID
hursat_genesis_2007172N15088_MISSING_0.npy,data\processed\satellite\hursat_genesis_2007172N15088_MISSING_0.npy,"(128, 128)",float32,0.021615365520119667,0.8623844981193542,0.4522581696510315,0.2762385606765747,False,False,True,2007172N15088,NIO_2007172N15,2007,2007-06-20 18:00:00 UTC,14.5,88.4,25.0,Depression / Low,HURSAT-B1 v06,VALID
hursat_genesis_2007172N15088_MISSING_1.npy,data\processed\satellite\hursat_genesis_2007172N15088_MISSING_1.npy,"(128, 128)",float32,0.026230797171592712,0.8669999241828918,0.45934516191482544,0.25481945276260376,False,False,False,2007172N15088,MISSING,2007,UNINDEXED,,,,UNINDEXED,HURSAT-B1 v06,VALID_IMAGE_UNLABELED
hursat_genesis_2007172N15088_MISSING_2.npy,data\processed\satellite\hursat_genesis_2007172N15088_MISSING_2.npy,"(128, 128)",float32,0.023615440353751183,0.8449230194091797,0.42478859424591064,0.24989619851112366,False,False,False,2007172N15088,MISSING,2007,UNINDEXED,,,,UNINDEXED,HURSAT-B1 v06,VALID_IMAGE_UNLABELED
hursat_genesis_2007172N15088_MISSING_3.npy,data\processed\satellite\hursat_genesis_2007172N15088_MISSING_3.npy,"(128, 128)",float32,0.021615365520119667,0.861307680606842,0.4905169606208801,0.2674446403980255,False,False,True,2007172N15088,NIO_2007172N15,2007,2007-06-20 21:00:00 UTC,15.0,87.8,28.0,Depression / Low,HURSAT-B1 v06,VALID
hursat_genesis_2007178N18089_MISSING_0.npy,data\processed\satellite\hursat_genesis_2007178N18089_MISSING_0.npy,"(128, 128)",float32,0.021615365520119667,0.8780768513679504,0.5058799982070923,0.3059166967868805,False,False,True,2007178N18089,NIO_2007178N18,2007,2007-06-27 00:00:00 UTC,18.1,89.3,25.0,Depression / Low,HURSAT-B1 v06,VALID
hursat_genesis_2007178N18089_MISSING_1.npy,data\processed\satellite\hursat_genesis_2007178N18089_MISSING_1.npy,"(128, 128)",float32,0.045461565256118774,0.873769223690033,0.5206578969955444,0.27658811211586,False,False,False,2007178N18089,MISSING,2007,UNINDEXED,,,,UNINDEXED,HURSAT-B1 v06,VALID_IMAGE_UNLABELED
hursat_genesis_2007178N18089_MISSING_2.npy,data\processed\satellite\hursat_genesis_2007178N18089_MISSING_2.npy,"(128, 128)",float32,0.03807689994573593,0.8647691011428833,0.5024794936180115,0.2746075391769409,False,False,False,2007178N18089,MISSING,2007,UNINDEXED,,,,UNINDEXED,HURSAT-B1 v06,VALID_IMAGE_UNLABELED
hursat_genesis_2007178N18089_MISSING_3.npy,data\processed\satellite\hursat_genesis_2007178N18089_MISSING_3.npy,"(128, 128)",float32,0.021615365520119667,0.8801537156105042,0.4704917371273041,0.2753513753414154,False,False,True,2007178N18089,NIO_2007178N18,2007,2007-06-27 03:00:00 UTC,17.8,89.0,25.0,Depression / Low,HURSAT-B1 v06,VALID
hursat_genesis_2007300N11068_MISSING_0.npy,data\processed\satellite\hursat_genesis_2007300N11068_MISSING_0.npy,"(128, 128)",float32,0.08553842455148697,0.8797692060470581,0.5369340181350708,0.22556175291538239,False,False,True,2007300N11068,NIO_2007300N11,2007,2007-10-27 06:00:00 UTC,11.2,68.2,25.0,Depression / Low,HURSAT-B1 v06,VALID
hursat_genesis_2007300N11068_MISSING_1.npy,data\processed\satellite\hursat_genesis_2007300N11068_MISSING_1.npy,"(128, 128)",float32,0.03930769860744476,0.8566922545433044,0.5007732510566711,0.21025297045707703,False,False,False,2007300N11068,MISSING,2007,UNINDEXED,,,,UNINDEXED,HURSAT-B1 v06,VALID_IMAGE_UNLABELED
hursat_genesis_2007300N11068_MISSING_3.npy,data\processed\satellite\hursat_genesis_2007300N11068_MISSING_3.npy,"(128, 128)",float32,0.08553842455148697,0.8760770559310913,0.4914705157279968,0.21822437644004822,False,False,True,2007300N11068,NIO_2007300N11,2007,2007-10-27 09:00:00 UTC,11.2,68.0,25.0,Depression / Low,HURSAT-B1 v06,VALID
hursat_genesis_2007314N10093_SIDR_0.npy,data\processed\satellite\hursat_genesis_2007314N10093_SIDR_0.npy,"(128, 128)",float32,0.1781538724899292,0.8804614543914795,0.512519896030426,0.16530020534992218,False,False,True,2007314N10093,SIDR,2007,2007-11-10 06:00:00 UTC,9.6,93.2,15.0,Depression / Low,HURSAT-B1 v06,VALID
hursat_genesis_2007314N10093_SIDR_1.npy,data\processed\satellite\hursat_genesis_2007314N10093_SIDR_1.npy,"(128, 128)",float32,0.11484609544277191,0.8707693219184875,0.4626331925392151,0.1835186928510666,False,False,False,2007314N10093,SIDR,2007,UNINDEXED,,,,UNINDEXED,HURSAT-B1 v06,VALID_IMAGE_UNLABELED
hursat_genesis_2007314N10093_SIDR_2.npy,data\processed\satellite\hursat_genesis_2007314N10093_SIDR_2.npy,"(128, 128)",float32,0.11276926100254059,0.8774616122245789,0.43993130326271057,0.1823229193687439,False,False,False,2007314N10093,SIDR,2007,UNINDEXED,,,,UNINDEXED,HURSAT-B1 v06,VALID_IMAGE_UNLABELED
hursat_genesis_2007314N10093_SIDR_3.npy,data\processed\satellite\hursat_genesis_2007314N10093_SIDR_3.npy,"(128, 128)",float32,0.18438462913036346,0.8731539249420166,0.5171921849250793,0.14348770678043365,False,False,True,2007314N10093,SIDR,2007,2007-11-10 09:00:00 UTC,9.7,93.1,18.0,Depression / Low,HURSAT-B1 v06,VALID
hursat_genesis_2008117N11090_NARGIS_0.npy,data\processed\satellite\hursat_genesis_2008117N11090_NARGIS_0.npy,"(128, 128)",float32,0.09700000286102295,0.8690767884254456,0.5560556650161743,0.1652098298072815,False,False,True,2008117N11090,NARGIS,2008,2008-04-25 12:00:00 UTC,10.5,90.3,20.0,Depression / Low,HURSAT-B1 v06,VALID
hursat_genesis_2008117N11090_NARGIS_1.npy,data\processed\satellite\hursat_genesis_2008117N11090_NARGIS_1.npy,"(128, 128)",float32,0.08784613758325577,0.8606924414634705,0.47755929827690125,0.16598139703273773,False,False,False,2008117N11090,NARGIS,2008,UNINDEXED,,,,UNINDEXED,HURSAT-B1 v06,VALID_IMAGE_UNLABELED
hursat_genesis_2008117N11090_NARGIS_2.npy,data\processed\satellite\hursat_genesis_2008117N11090_NARGIS_2.npy,"(128, 128)",float32,0.09269233047962189,0.8699230551719666,0.6042887568473816,0.1713417023420334,False,False,True,2008117N11090,NARGIS,2008,2008-04-25 15:00:00 UTC,10.7,89.9,20.0,Depression / Low,HURSAT-B1 v06,VALID
hursat_genesis_2008117N11090_NARGIS_3.npy,data\processed\satellite\hursat_genesis_2008117N11090_NARGIS_3.npy,"(128, 128)",float32,0.09092313051223755,0.8798462152481079,0.5752434134483337,0.17785872519016266,False,False,False,2008117N11090,NARGIS,2008,UNINDEXED,,,,UNINDEXED,HURSAT-B1 v06,VALID_IMAGE_UNLABELED
hursat_genesis_2008157N16066_MISSING_0.npy,data\processed\satellite\hursat_genesis_2008157N16066_MISSING_0.npy,"(128, 128)",float32,0.01969228871166706,0.8706153035163879,0.5968125462532043,0.2796805500984192,False,False,True,2008157N16066,NIO_2008157N16,2008,2008-06-05 00:00:00 UTC,15.5,66.0,25.0,Depression / Low,HURSAT-B1 v06,VALID
hursat_genesis_2008157N16066_MISSING_1.npy,data\processed\satellite\hursat_genesis_2008157N16066_MISSING_1.npy,"(128, 128)",float32,0.052923113107681274,0.8517690896987915,0.5993913412094116,0.26135894656181335,False,False,False,2008157N16066,MISSING,2008,UNINDEXED,,,,UNINDEXED,HURSAT-B1 v06,VALID_IMAGE_UNLABELED
hursat_genesis_2008157N16066_MISSING_2.npy,data\processed\satellite\hursat_genesis_2008157N16066_MISSING_2.npy,"(128, 128)",float32,0.018769249320030212,0.7986924648284912,0.46963387727737427,0.2624048590660095,False,False,False,2008157N16066,MISSING,2008,UNINDEXED,,,,UNINDEXED,HURSAT-B1 v06,VALID_IMAGE_UNLABELED
hursat_genesis_2008157N16066_MISSING_3.npy,data\processed\satellite\hursat_genesis_2008157N16066_MISSING_3.npy,"(128, 128)",float32,0.04046149551868439,0.8783076405525208,0.5972176790237427,0.2845684587955475,False,False,True,2008157N16066,NIO_2008157N16,2008,2008-06-05 03:00:00 UTC,16.0,66.0,25.0,Depression / Low,HURSAT-B1 v06,VALID
hursat_genesis_2008168N21090_MISSING_0.npy,data\processed\satellite\hursat_genesis_2008168N21090_MISSING_0.npy,"(128, 128)",float32,0.02853851392865181,0.8736154437065125,0.4861010015010834,0.25342750549316406,False,False,True,2008168N22090,NIO_2008168N22,2008,2008-06-16 06:00:00 UTC,21.4,89.7,25.0,Depression / Low,HURSAT-B1 v06,VALID
hursat_genesis_2008168N21090_MISSING_1.npy,data\processed\satellite\hursat_genesis_2008168N21090_MISSING_1.npy,"(128, 128)",float32,0.04046149551868439,0.8706153035163879,0.466135710477829,0.2436704933643341,False,False,False,2008168N21090,MISSING,2008,UNINDEXED,,,,UNINDEXED,HURSAT-B1 v06,VALID_IMAGE_UNLABELED
hursat_genesis_2008168N21090_MISSING_2.npy,data\processed\satellite\hursat_genesis_2008168N21090_MISSING_2.npy,"(128, 128)",float32,0.052461594343185425,0.8436152338981628,0.4464972913265228,0.2422313243150711,False,False,False,2008168N21090,MISSING,2008,UNINDEXED,,,,UNINDEXED,HURSAT-B1 v06,VALID_IMAGE_UNLABELED
hursat_genesis_2008168N21090_MISSING_3.npy,data\processed\satellite\hursat_genesis_2008168N21090_MISSING_3.npy,"(128, 128)",float32,0.02853851392865181,0.872615396976471,0.3994789719581604,0.24669021368026733,False,False,True,2008168N22090,NIO_2008168N22,2008,2008-06-16 09:00:00 UTC,21.5,89.5,25.0,Depression / Low,HURSAT-B1 v06,VALID
hursat_genesis_2008223N20086_MISSING_0.npy,data\processed\satellite\hursat_genesis_2008223N20086_MISSING_0.npy,"(128, 128)",float32,0.0350000225007534,0.8198462724685669,0.5306313633918762,0.20706500113010406,False,False,True,2008223N20086,NIO_2008223N20,2008,2008-08-09 12:00:00 UTC,20.0,86.0,25.0,Depression / Low,HURSAT-B1 v06,VALID
hursat_genesis_2008223N20086_MISSING_1.npy,data\processed\satellite\hursat_genesis_2008223N20086_MISSING_1.npy,"(128, 128)",float32,0.044615406543016434,0.8402306437492371,0.5194132328033447,0.21124224364757538,False,False,False,2008223N20086,MISSING,2008,UNINDEXED,,,,UNINDEXED,HURSAT-B1 v06,VALID_IMAGE_UNLABELED
hursat_genesis_2008223N20086_MISSING_2.npy,data\processed\satellite\hursat_genesis_2008223N20086_MISSING_2.npy,"(128, 128)",float32,0.07161536812782288,0.8049999475479126,0.45309117436408997,0.2089112550020218,False,False,False,2008223N20086,MISSING,2008,UNINDEXED,,,,UNINDEXED,HURSAT-B1 v06,VALID_IMAGE_UNLABELED
hursat_genesis_2008223N20086_MISSING_3.npy,data\processed\satellite\hursat_genesis_2008223N20086_MISSING_3.npy,"(128, 128)",float32,0.05476919189095497,0.8346154093742371,0.5340191125869751,0.20159167051315308,False,False,True,2008223N20086,NIO_2008223N20,2008,2008-08-09 15:00:00 UTC,20.3,85.9,25.0,Depression / Low,HURSAT-B1 v06,VALID
hursat_genesis_2008259N20089_TWO_0.npy,data\processed\satellite\hursat_genesis_2008259N20089_TWO_0.npy,"(128, 128)",float32,0.08900005370378494,0.876153826713562,0.5071978569030762,0.22356171905994415,False,False,True,2008259N20089,NIO_2008259N20,2008,2008-09-15 06:00:00 UTC,19.7,88.8,20.0,Depression / Low,HURSAT-B1 v06,VALID
hursat_genesis_2008259N20089_TWO_1.npy,data\processed\satellite\hursat_genesis_2008259N20089_TWO_1.npy,"(128, 128)",float32,0.0993845984339714,0.8739229440689087,0.4715768098831177,0.235687255859375,False,False,False,2008259N20089,TWO,2008,UNINDEXED,,,,UNINDEXED,HURSAT-B1 v06,VALID_IMAGE_UNLABELED
hursat_genesis_2008259N20089_TWO_2.npy,data\processed\satellite\hursat_genesis_2008259N20089_TWO_2.npy,"(128, 128)",float32,0.08438462764024734,0.8646153211593628,0.4279208183288574,0.23358210921287537,False,False,False,2008259N20089,TWO,2008,UNINDEXED,,,,UNINDEXED,HURSAT-B1 v06,VALID_IMAGE_UNLABELED
hursat_genesis_2008259N20089_TWO_3.npy,data\processed\satellite\hursat_genesis_2008259N20089_TWO_3.npy,"(128, 128)",float32,0.09284620732069016,0.875384509563446,0.4703527092933655,0.23239782452583313,False,False,True,2008259N20089,NIO_2008259N20,2008,2008-09-15 09:00:00 UTC,19.6,88.7,23.0,Depression / Low,HURSAT-B1 v06,VALID
hursat_genesis_2008294N09060_THREE_0.npy,data\processed\satellite\hursat_genesis_2008294N09060_THREE_0.npy,"(128, 128)",float32,0.08607694506645203,0.8916921615600586,0.6090376973152161,0.22272871434688568,False,False,True,2008293N09060,NIO_2008293N09,2008,2008-10-19 12:00:00 UTC,9.0,59.5,25.0,Depression / Low,HURSAT-B1 v06,VALID
hursat_genesis_2008294N09060_THREE_1.npy,data\processed\satellite\hursat_genesis_2008294N09060_THREE_1.npy,"(128, 128)",float32,0.03438462316989899,0.8597691655158997,0.5661610960960388,0.22243395447731018,False,False,False,2008294N09060,THREE,2008,UNINDEXED,,,,UNINDEXED,HURSAT-B1 v06,VALID_IMAGE_UNLABELED
hursat_genesis_2008294N09060_THREE_2.npy,data\processed\satellite\hursat_genesis_2008294N09060_THREE_2.npy,"(128, 128)",float32,0.062461499124765396,0.8499230146408081,0.5150274038314819,0.22874422371387482,False,False,False,2008294N09060,THREE,2008,UNINDEXED,,,,UNINDEXED,HURSAT-B1 v06,VALID_IMAGE_UNLABELED
hursat_genesis_2008294N09060_THREE_3.npy,data\processed\satellite\hursat_genesis_2008294N09060_THREE_3.npy,"(128, 128)",float32,0.10246159136295319,0.8880770206451416,0.6355582475662231,0.21317313611507416,False,False,True,2008293N09060,NIO_2008293N09,2008,2008-10-19 15:00:00 UTC,9.1,59.0,25.0,Depression / Low,HURSAT-B1 v06,VALID
hursat_genesis_2008298N16085_RASHMI_0.npy,data\processed\satellite\hursat_genesis_2008298N16085_RASHMI_0.npy,"(128, 128)",float32,0.02446148172020912,0.8969998955726624,0.41943198442459106,0.22786472737789154,False,False,True,2008298N16085,RASHMI,2008,2008-10-24 06:00:00 UTC,16.0,85.0,15.0,Depression / Low,HURSAT-B1 v06,VALID
hursat_genesis_2008298N16085_RASHMI_1.npy,data\processed\satellite\hursat_genesis_2008298N16085_RASHMI_1.npy,"(128, 128)",float32,0.06946153193712234,0.9286921620368958,0.4380878806114197,0.22071737051010132,False,False,False,2008298N16085,RASHMI,2008,UNINDEXED,,,,UNINDEXED,HURSAT-B1 v06,VALID_IMAGE_UNLABELED
hursat_genesis_2008298N16085_RASHMI_2.npy,data\processed\satellite\hursat_genesis_2008298N16085_RASHMI_2.npy,"(128, 128)",float32,0.05615387111902237,0.8805384635925293,0.36516615748405457,0.2001378834247589,False,False,False,2008298N16085,RASHMI,2008,UNINDEXED,,,,UNINDEXED,HURSAT-B1 v06,VALID_IMAGE_UNLABELED
hursat_genesis_2008298N16085_RASHMI_3.npy,data\processed\satellite\hursat_genesis_2008298N16085_RASHMI_3.npy,"(128, 128)",float32,0.02446148172020912,0.881461501121521,0.4006681740283966,0.21863318979740143,False,False,True,2008298N16085,RASHMI,2008,2008-10-24 09:00:00 UTC,16.0,85.2,18.0,Depression / Low,HURSAT-B1 v06,VALID
hursat_genesis_2008329N09082_NISHA_0.npy,data\processed\satellite\hursat_genesis_2008329N09082_NISHA_0.npy,"(128, 128)",float32,0.03299994766712189,0.8203845620155334,0.3736622929573059,0.15198880434036255,False,False,True,2008329N09082,NISHA,2008,2008-11-24 06:00:00 UTC,8.7,81.8,15.0,Depression / Low,HURSAT-B1 v06,VALID
hursat_genesis_2008329N09082_NISHA_1.npy,data\processed\satellite\hursat_genesis_2008329N09082_NISHA_1.npy,"(128, 128)",float32,0.07161536812782288,0.828999936580658,0.3720255494117737,0.14874562621116638,False,False,False,2008329N09082,NISHA,2008,UNINDEXED,,,,UNINDEXED,HURSAT-B1 v06,VALID_IMAGE_UNLABELED
hursat_genesis_2008329N09082_NISHA_2.npy,data\processed\satellite\hursat_genesis_2008329N09082_NISHA_2.npy,"(128, 128)",float32,0.07238464057445526,0.7715383768081665,0.3026716411113739,0.1299929916858673,False,False,False,2008329N09082,NISHA,2008,UNINDEXED,,,,UNINDEXED,HURSAT-B1 v06,VALID_IMAGE_UNLABELED
hursat_genesis_2008329N09082_NISHA_3.npy,data\processed\satellite\hursat_genesis_2008329N09082_NISHA_3.npy,"(128, 128)",float32,0.06392306089401245,0.8563845157623291,0.38917988538742065,0.13632237911224365,False,False,True,2008329N09082,NISHA,2008,2008-11-24 09:00:00 UTC,8.8,81.5,15.0,Depression / Low,HURSAT-B1 v06,VALID
hursat_genesis_2008338N06092_SEVEN_0.npy,data\processed\satellite\hursat_genesis_2008338N06092_SEVEN_0.npy,"(128, 128)",float32,0.11269225925207138,0.8793076872825623,0.48817726969718933,0.18312381207942963,False,False,True,2008338N06092,NIO_2008338N06,2008,2008-12-03 00:00:00 UTC,5.8,91.5,20.0,Depression / Low,HURSAT-B1 v06,VALID
hursat_genesis_2008338N06092_SEVEN_1.npy,data\processed\satellite\hursat_genesis_2008338N06092_SEVEN_1.npy,"(128, 128)",float32,0.1370769739151001,0.8750770092010498,0.46112000942230225,0.18515537679195404,False,False,False,2008338N06092,SEVEN,2008,UNINDEXED,,,,UNINDEXED,HURSAT-B1 v06,VALID_IMAGE_UNLABELED
hursat_genesis_2008338N06092_SEVEN_2.npy,data\processed\satellite\hursat_genesis_2008338N06092_SEVEN_2.npy,"(128, 128)",float32,0.10576923191547394,0.853615403175354,0.4293455183506012,0.17536157369613647,False,False,False,2008338N06092,SEVEN,2008,UNINDEXED,,,,UNINDEXED,HURSAT-B1 v06,VALID_IMAGE_UNLABELED
hursat_genesis_2008338N06092_SEVEN_3.npy,data\processed\satellite\hursat_genesis_2008338N06092_SEVEN_3.npy,"(128, 128)",float32,0.13215379416942596,0.8743844628334045,0.4984508156776428,0.17443321645259857,False,False,True,2008338N06092,NIO_2008338N06,2008,2008-12-03 03:00:00 UTC,5.9,91.4,20.0,Depression / Low,HURSAT-B1 v06,VALID
hursat_genesis_2009104N13088_BIJLI_0.npy,data\processed\satellite\hursat_genesis_2009104N13088_BIJLI_0.npy,"(128, 128)",float32,0.06915389001369476,0.8825383186340332,0.43109679222106934,0.2552814185619354,False,False,True,2009104N13088,BIJLI,2009,2009-04-14 00:00:00 UTC,12.6,87.7,25.0,Depression / Low,HURSAT-B1 v06,VALID
hursat_genesis_2009104N13088_BIJLI_1.npy,data\processed\satellite\hursat_genesis_2009104N13088_BIJLI_1.npy,"(128, 128)",float32,0.04115389287471771,0.9038461446762085,0.43331414461135864,0.23807291686534882,False,False,False,2009104N13088,BIJLI,2009,UNINDEXED,,,,UNINDEXED,HURSAT-B1 v06,VALID_IMAGE_UNLABELED
hursat_genesis_2009104N13088_BIJLI_2.npy,data\processed\satellite\hursat_genesis_2009104N13088_BIJLI_2.npy,"(128, 128)",float32,0.03207691013813019,0.8878459930419922,0.37807950377464294,0.22349993884563446,False,False,False,2009104N13088,BIJLI,2009,UNINDEXED,,,,UNINDEXED,HURSAT-B1 v06,VALID_IMAGE_UNLABELED
hursat_genesis_2009104N13088_BIJLI_3.npy,data\processed\satellite\hursat_genesis_2009104N13088_BIJLI_3.npy,"(128, 128)",float32,0.06915389001369476,0.8936922550201416,0.4033205509185791,0.24547219276428223,False,False,True,2009104N13088,BIJLI,2009,2009-04-14 03:00:00 UTC,12.7,87.9,28.0,Depression / Low,HURSAT-B1 v06,VALID
hursat_genesis_2009143N17089_AILA_0.npy,data\processed\satellite\hursat_genesis_2009143N17089_AILA_0.npy,"(128, 128)",float32,0.05130767822265625,0.8947693109512329,0.6177754402160645,0.22735470533370972,False,False,True,2009143N17089,AILA,2009,2009-05-22 18:00:00 UTC,16.9,88.8,25.0,Depression / Low,HURSAT-B1 v06,VALID
hursat_genesis_2009143N17089_AILA_1.npy,data\processed\satellite\hursat_genesis_2009143N17089_AILA_1.npy,"(128, 128)",float32,0.04115389287471771,0.8043846487998962,0.5282019376754761,0.21750715374946594,False,False,False,2009143N17089,AILA,2009,UNINDEXED,,,,UNINDEXED,HURSAT-B1 v06,VALID_IMAGE_UNLABELED
hursat_genesis_2009143N17089_AILA_2.npy,data\processed\satellite\hursat_genesis_2009143N17089_AILA_2.npy,"(128, 128)",float32,0.07630767673254013,0.8751537799835205,0.561368465423584,0.23196007311344147,False,False,False,2009143N17089,AILA,2009,UNINDEXED,,,,UNINDEXED,HURSAT-B1 v06,VALID_IMAGE_UNLABELED
hursat_genesis_2009143N17089_AILA_3.npy,data\processed\satellite\hursat_genesis_2009143N17089_AILA_3.npy,"(128, 128)",float32,0.06176922097802162,0.8847691416740417,0.5871768593788147,0.23113535344600677,False,False,True,2009143N17089,AILA,2009,2009-05-22 21:00:00 UTC,16.7,88.8,25.0,Depression / Low,HURSAT-B1 v06,VALID
hursat_genesis_2009174N18072_MISSING_0.npy,data\processed\satellite\hursat_genesis_2009174N18072_MISSING_0.npy,"(128, 128)",float32,0.05700002983212471,0.8906154036521912,0.6121441125869751,0.2473732829093933,False,False,True,2009174N18072,NIO_2009174N18,2009,2009-06-23 00:00:00 UTC,18.0,71.5,25.0,Depression / Low,HURSAT-B1 v06,VALID
hursat_genesis_2009174N18072_MISSING_1.npy,data\processed\satellite\hursat_genesis_2009174N18072_MISSING_1.npy,"(128, 128)",float32,0.07338456064462662,0.872999906539917,0.607331395149231,0.23946011066436768,False,False,False,2009174N18072,MISSING,2009,UNINDEXED,,,,UNINDEXED,HURSAT-B1 v06,VALID_IMAGE_UNLABELED
hursat_genesis_2009174N18072_MISSING_2.npy,data\processed\satellite\hursat_genesis_2009174N18072_MISSING_2.npy,"(128, 128)",float32,0.08415386825799942,0.8239999413490295,0.5196702480316162,0.24004614353179932,False,False,False,2009174N18072,MISSING,2009,UNINDEXED,,,,UNINDEXED,HURSAT-B1 v06,VALID_IMAGE_UNLABELED
hursat_genesis_2009174N18072_MISSING_3.npy,data\processed\satellite\hursat_genesis_2009174N18072_MISSING_3.npy,"(128, 128)",float32,0.05700002983212471,0.9020768404006958,0.626091480255127,0.24439945816993713,False,False,True,2009174N18072,NIO_2009174N18,2009,2009-06-23 03:00:00 UTC,19.0,71.5,25.0,Depression / Low,HURSAT-B1 v06,VALID
hursat_genesis_2009177N23069_MISSING_0.npy,data\processed\satellite\hursat_genesis_2009177N23069_MISSING_0.npy,"(128, 128)",float32,0.07461535930633545,1.0,0.6769676208496094,0.21352729201316833,False,False,True,2009176N23069,NIO_2009176N23,2009,2009-06-25 12:00:00 UTC,22.5,68.5,25.0,Depression / Low,HURSAT-B1 v06,VALID
hursat_genesis_2009177N23069_MISSING_1.npy,data\processed\satellite\hursat_genesis_2009177N23069_MISSING_1.npy,"(128, 128)",float32,0.11492309719324112,0.984692394733429,0.6546643972396851,0.19873085618019104,False,False,False,2009177N23069,MISSING,2009,UNINDEXED,,,,UNINDEXED,HURSAT-B1 v06,VALID_IMAGE_UNLABELED
hursat_genesis_2009177N23069_MISSING_2.npy,data\processed\satellite\hursat_genesis_2009177N23069_MISSING_2.npy,"(128, 128)",float32,0.10669226944446564,0.9747692346572876,0.5100269913673401,0.2093392163515091,False,False,False,2009177N23069,MISSING,2009,UNINDEXED,,,,UNINDEXED,HURSAT-B1 v06,VALID_IMAGE_UNLABELED
hursat_genesis_2009177N23069_MISSING_3.npy,data\processed\satellite\hursat_genesis_2009177N23069_MISSING_3.npy,"(128, 128)",float32,0.1421538144350052,0.9618462324142456,0.6966812014579773,0.1862259954214096,False,False,True,2009176N23069,NIO_2009176N23,2009,2009-06-25 15:00:00 UTC,22.8,68.5,25.0,Depression / Low,HURSAT-B1 v06,VALID
hursat_genesis_2009201N21089_MISSING_0.npy,data\processed\satellite\hursat_genesis_2009201N21089_MISSING_0.npy,"(128, 128)",float32,0.030384592711925507,0.8942307829856873,0.5965450406074524,0.25204598903656006,False,False,True,2009201N21089,NIO_2009201N21,2009,2009-07-20 06:00:00 UTC,21.0,88.5,25.0,Depression / Low,HURSAT-B1 v06,VALID
hursat_genesis_2009201N21089_MISSING_1.npy,data\processed\satellite\hursat_genesis_2009201N21089_MISSING_1.npy,"(128, 128)",float32,0.0750768780708313,0.8873844742774963,0.5896536707878113,0.25030022859573364,False,False,False,2009201N21089,MISSING,2009,UNINDEXED,,,,UNINDEXED,HURSAT-B1 v06,VALID_IMAGE_UNLABELED
hursat_genesis_2009201N21089_MISSING_2.npy,data\processed\satellite\hursat_genesis_2009201N21089_MISSING_2.npy,"(128, 128)",float32,0.08823078125715256,0.8688462376594543,0.5511327981948853,0.24728593230247498,False,False,False,2009201N21089,MISSING,2009,UNINDEXED,,,,UNINDEXED,HURSAT-B1 v06,VALID_IMAGE_UNLABELED
hursat_genesis_2009201N21089_MISSING_3.npy,data\processed\satellite\hursat_genesis_2009201N21089_MISSING_3.npy,"(128, 128)",float32,0.057230789214372635,0.8942307829856873,0.5762563943862915,0.23433472216129303,False,False,True,2009201N21089,NIO_2009201N21,2009,2009-07-20 09:00:00 UTC,21.0,88.3,25.0,Depression / Low,HURSAT-B1 v06,VALID
hursat_genesis_2009247N19089_MISSING_0.npy,data\processed\satellite\hursat_genesis_2009247N19089_MISSING_0.npy,"(128, 128)",float32,0.14100001752376556,0.8623077273368835,0.6169331073760986,0.1699119508266449,False,False,True,2009247N19089,NIO_2009247N19,2009,2009-09-03 18:00:00 UTC,19.4,88.8,15.0,Depression / Low,HURSAT-B1 v06,VALID
hursat_genesis_2009247N19089_MISSING_1.npy,data\processed\satellite\hursat_genesis_2009247N19089_MISSING_1.npy,"(128, 128)",float32,0.14338460564613342,0.8436152338981628,0.5815815925598145,0.1740970015525818,False,False,False,2009247N19089,MISSING,2009,UNINDEXED,,,,UNINDEXED,HURSAT-B1 v06,VALID_IMAGE_UNLABELED
hursat_genesis_2009247N19089_MISSING_2.npy,data\processed\satellite\hursat_genesis_2009247N19089_MISSING_2.npy,"(128, 128)",float32,0.13884617388248444,0.8276923298835754,0.5413168668746948,0.16896209120750427,False,False,False,2009247N19089,MISSING,2009,UNINDEXED,,,,UNINDEXED,HURSAT-B1 v06,VALID_IMAGE_UNLABELED
hursat_genesis_2009247N19089_MISSING_3.npy,data\processed\satellite\hursat_genesis_2009247N19089_MISSING_3.npy,"(128, 128)",float32,0.12776923179626465,0.8605384230613708,0.5722126960754395,0.1890103965997696,False,False,True,2009247N19089,NIO_2009247N19,2009,2009-09-03 21:00:00 UTC,19.5,88.6,18.0,Depression / Low,HURSAT-B1 v06,VALID
hursat_genesis_2009313N12071_PHYAN_0.npy,data\processed\satellite\hursat_genesis_2009313N12071_PHYAN_0.npy,"(128, 128)",float32,0.05092303827404976,0.8766922950744629,0.39194899797439575,0.19676530361175537,False,False,True,2009313N11072,PHYAN,2009,2009-11-09 06:00:00 UTC,11.6,71.4,20.0,Depression / Low,HURSAT-B1 v06,VALID
hursat_genesis_2009313N12071_PHYAN_1.npy,data\processed\satellite\hursat_genesis_2009313N12071_PHYAN_1.npy,"(128, 128)",float32,0.0,0.8046154379844666,0.3241036534309387,0.19379884004592896,False,False,False,2009313N12071,PHYAN,2009,UNINDEXED,,,,UNINDEXED,HURSAT-B1 v06,VALID_IMAGE_UNLABELED
hursat_genesis_2009313N12071_PHYAN_2.npy,data\processed\satellite\hursat_genesis_2009313N12071_PHYAN_2.npy,"(128, 128)",float32,0.07330768555402756,0.7747692465782166,0.2526306211948395,0.13820365071296692,False,False,False,2009313N12071,PHYAN,2009,UNINDEXED,,,,UNINDEXED,HURSAT-B1 v06,VALID_IMAGE_UNLABELED
hursat_genesis_2009313N12071_PHYAN_3.npy,data\processed\satellite\hursat_genesis_2009313N12071_PHYAN_3.npy,"(128, 128)",float32,0.06746157258749008,0.8836153745651245,0.38251811265945435,0.16901527345180511,False,False,True,2009313N11072,PHYAN,2009,2009-11-09 09:00:00 UTC,11.9,71.2,25.0,Depression / Low,HURSAT-B1 v06,VALID
hursat_genesis_2009345N07085_WARD_0.npy,data\processed\satellite\hursat_genesis_2009345N07085_WARD_0.npy,"(128, 128)",float32,0.0839231014251709,0.8713076114654541,0.44277703762054443,0.1725279688835144,False,False,True,2009344N06085,WARD,2009,2009-12-10 12:00:00 UTC,6.5,85.0,25.0,Depression / Low,HURSAT-B1 v06,VALID
hursat_genesis_2009345N07085_WARD_1.npy,data\processed\satellite\hursat_genesis_2009345N07085_WARD_1.npy,"(128, 128)",float32,0.08861541748046875,0.8363077044487,0.37341728806495667,0.15203353762626648,False,False,False,2009345N07085,WARD,2009,UNINDEXED,,,,UNINDEXED,HURSAT-B1 v06,VALID_IMAGE_UNLABELED
hursat_genesis_2009345N07085_WARD_2.npy,data\processed\satellite\hursat_genesis_2009345N07085_WARD_2.npy,"(128, 128)",float32,0.015076974406838417,0.8643075823783875,0.4169881045818329,0.17384518682956696,False,False,True,2009344N06085,WARD,2009,2009-12-10 15:00:00 UTC,6.5,85.0,25.0,Depression / Low,HURSAT-B1 v06,VALID
hursat_genesis_2009345N07085_WARD_3.npy,data\processed\satellite\hursat_genesis_2009345N07085_WARD_3.npy,"(128, 128)",float32,0.032692309468984604,0.846307635307312,0.35064011812210083,0.15280938148498535,False,False,False,2009345N07085,WARD,2009,UNINDEXED,,,,UNINDEXED,HURSAT-B1 v06,VALID_IMAGE_UNLABELED
hursat_genesis_2010136N09057_BANDU_0.npy,data\processed\satellite\hursat_genesis_2010136N09057_BANDU_0.npy,"(128, 128)",float32,0.07084620743989944,0.9619230031967163,0.5418771505355835,0.25489428639411926,False,False,True,2010136N09057,BANDU,2010,2010-05-15 12:00:00 UTC,9.3,56.5,15.0,Depression / Low,HURSAT-B1 v06,VALID
hursat_genesis_2010136N09057_BANDU_1.npy,data\processed\satellite\hursat_genesis_2010136N09057_BANDU_1.npy,"(128, 128)",float32,0.11023078113794327,0.9211538434028625,0.49959346652030945,0.2413083165884018,False,False,False,2010136N09057,BANDU,2010,UNINDEXED,,,,UNINDEXED,HURSAT-B1 v06,VALID_IMAGE_UNLABELED
hursat_genesis_2010136N09057_BANDU_2.npy,data\processed\satellite\hursat_genesis_2010136N09057_BANDU_2.npy,"(128, 128)",float32,0.06653841584920883,0.925000011920929,0.4542180895805359,0.25383085012435913,False,False,False,2010136N09057,BANDU,2010,UNINDEXED,,,,UNINDEXED,HURSAT-B1 v06,VALID_IMAGE_UNLABELED
hursat_genesis_2010136N09057_BANDU_3.npy,data\processed\satellite\hursat_genesis_2010136N09057_BANDU_3.npy,"(128, 128)",float32,0.08669234067201614,0.9393075704574585,0.5223345160484314,0.21443729102611542,False,False,True,2010136N09057,BANDU,2010,2010-05-15 15:00:00 UTC,9.3,56.8,15.0,Depression / Low,HURSAT-B1 v06,VALID
hursat_genesis_2010137N10090_LAILA_0.npy,data\processed\satellite\hursat_genesis_2010137N10090_LAILA_0.npy,"(128, 128)",float32,0.09253845363855362,0.8642308115959167,0.5471509695053101,0.2109965831041336,False,False,True,2010137N10090,LAILA,2010,2010-05-16 18:00:00 UTC,9.8,90.4,15.0,Depression / Low,HURSAT-B1 v06,VALID
hursat_genesis_2010137N10090_LAILA_1.npy,data\processed\satellite\hursat_genesis_2010137N10090_LAILA_1.npy,"(128, 128)",float32,0.10199996083974838,0.8531538844108582,0.52401202917099,0.21282483637332916,False,False,False,2010137N10090,LAILA,2010,UNINDEXED,,,,UNINDEXED,HURSAT-B1 v06,VALID_IMAGE_UNLABELED
hursat_genesis_2010137N10090_LAILA_2.npy,data\processed\satellite\hursat_genesis_2010137N10090_LAILA_2.npy,"(128, 128)",float32,0.1114615797996521,0.8320000171661377,0.4854201674461365,0.21135357022285461,False,False,False,2010137N10090,LAILA,2010,UNINDEXED,,,,UNINDEXED,HURSAT-B1 v06,VALID_IMAGE_UNLABELED
hursat_genesis_2010137N10090_LAILA_3.npy,data\processed\satellite\hursat_genesis_2010137N10090_LAILA_3.npy,"(128, 128)",float32,0.06884612888097763,0.8693845272064209,0.5093533396720886,0.2252025157213211,False,False,True,2010137N10090,LAILA,2010,2010-05-16 21:00:00 UTC,10.2,90.1,18.0,Depression / Low,HURSAT-B1 v06,VALID
hursat_genesis_2010151N14065_PHET_0.npy,data\processed\satellite\hursat_genesis_2010151N14065_PHET_0.npy,"(128, 128)",float32,0.07592304050922394,0.9319230318069458,0.5787975788116455,0.23909081518650055,False,False,True,2010151N14065,PHET,2010,2010-05-30 12:00:00 UTC,14.4,65.0,15.0,Depression / Low,HURSAT-B1 v06,VALID
hursat_genesis_2010151N14065_PHET_1.npy,data\processed\satellite\hursat_genesis_2010151N14065_PHET_1.npy,"(128, 128)",float32,0.1016923189163208,0.9293076992034912,0.5611264705657959,0.24040676653385162,False,False,False,2010151N14065,PHET,2010,UNINDEXED,,,,UNINDEXED,HURSAT-B1 v06,VALID_IMAGE_UNLABELED
hursat_genesis_2010151N14065_PHET_2.npy,data\processed\satellite\hursat_genesis_2010151N14065_PHET_2.npy,"(128, 128)",float32,0.06600001454353333,0.8793846964836121,0.45388296246528625,0.23441575467586517,False,False,False,2010151N14065,PHET,2010,UNINDEXED,,,,UNINDEXED,HURSAT-B1 v06,VALID_IMAGE_UNLABELED
hursat_genesis_2010151N14065_PHET_3.npy,data\processed\satellite\hursat_genesis_2010151N14065_PHET_3.npy,"(128, 128)",float32,0.09176917374134064,0.9218461513519287,0.579508900642395,0.24399122595787048,False,False,True,2010151N14065,PHET,2010,2010-05-30 15:00:00 UTC,14.5,64.9,18.0,Depression / Low,HURSAT-B1 v06,VALID
hursat_genesis_2010280N18085_MISSING_0.npy,data\processed\satellite\hursat_genesis_2010280N18085_MISSING_0.npy,"(128, 128)",float32,0.059384625405073166,0.881076991558075,0.4020196497440338,0.233220636844635,False,False,True,2010280N17085,NIO_2010280N17,2010,2010-10-07 06:00:00 UTC,17.5,84.5,25.0,Depression / Low,HURSAT-B1 v06,VALID
hursat_genesis_2010280N18085_MISSING_1.npy,data\processed\satellite\hursat_genesis_2010280N18085_MISSING_1.npy,"(128, 128)",float32,0.035769183188676834,0.8799999356269836,0.393130898475647,0.24174317717552185,False,False,False,2010280N18085,MISSING,2010,UNINDEXED,,,,UNINDEXED,HURSAT-B1 v06,VALID_IMAGE_UNLABELED
hursat_genesis_2010280N18085_MISSING_2.npy,data\processed\satellite\hursat_genesis_2010280N18085_MISSING_2.npy,"(128, 128)",float32,0.04384613037109375,0.8356153964996338,0.3387521207332611,0.2331427037715912,False,False,False,2010280N18085,MISSING,2010,UNINDEXED,,,,UNINDEXED,HURSAT-B1 v06,VALID_IMAGE_UNLABELED
hursat_genesis_2010280N18085_MISSING_3.npy,data\processed\satellite\hursat_genesis_2010280N18085_MISSING_3.npy,"(128, 128)",float32,0.07584615796804428,0.8743844628334045,0.4127228260040283,0.2165469378232956,False,False,True,2010280N17085,NIO_2010280N17,2010,2010-10-07 09:00:00 UTC,18.1,84.7,25.0,Depression / Low,HURSAT-B1 v06,VALID
hursat_genesis_2010286N18090_MISSING_0.npy,data\processed\satellite\hursat_genesis_2010286N18090_MISSING_0.npy,"(128, 128)",float32,0.11976929008960724,0.8743844628334045,0.5663272142410278,0.21336713433265686,False,False,True,2010286N18090,NIO_2010286N18,2010,2010-10-13 06:00:00 UTC,17.5,90.0,25.0,Depression / Low,HURSAT-B1 v06,VALID
hursat_genesis_2010286N18090_MISSING_1.npy,data\processed\satellite\hursat_genesis_2010286N18090_MISSING_1.npy,"(128, 128)",float32,0.07907691597938538,0.8946152925491333,0.5455974340438843,0.22196520864963531,False,False,False,2010286N18090,MISSING,2010,UNINDEXED,,,,UNINDEXED,HURSAT-B1 v06,VALID_IMAGE_UNLABELED
hursat_genesis_2010286N18090_MISSING_2.npy,data\processed\satellite\hursat_genesis_2010286N18090_MISSING_2.npy,"(128, 128)",float32,0.09769228100776672,0.8586153388023376,0.5068604946136475,0.22351068258285522,False,False,False,2010286N18090,MISSING,2010,UNINDEXED,,,,UNINDEXED,HURSAT-B1 v06,VALID_IMAGE_UNLABELED
hursat_genesis_2010286N18090_MISSING_3.npy,data\processed\satellite\hursat_genesis_2010286N18090_MISSING_3.npy,"(128, 128)",float32,0.13392309844493866,0.8718461394309998,0.5744397044181824,0.20807625353336334,False,False,True,2010286N18090,NIO_2010286N18,2010,2010-10-13 09:00:00 UTC,17.4,89.5,25.0,Depression / Low,HURSAT-B1 v06,VALID
hursat_genesis_2010293N17093_GIRI_0.npy,data\processed\satellite\hursat_genesis_2010293N17093_GIRI_0.npy,"(128, 128)",float32,0.09923072159290314,0.8622307181358337,0.5715070366859436,0.1986958086490631,False,False,True,2010293N17093,GIRI,2010,2010-10-19 12:00:00 UTC,16.7,92.6,15.0,Depression / Low,HURSAT-B1 v06,VALID
hursat_genesis_2010293N17093_GIRI_1.npy,data\processed\satellite\hursat_genesis_2010293N17093_GIRI_1.npy,"(128, 128)",float32,0.10253847390413284,0.852769136428833,0.5478442311286926,0.20158500969409943,False,False,False,2010293N17093,GIRI,2010,UNINDEXED,,,,UNINDEXED,HURSAT-B1 v06,VALID_IMAGE_UNLABELED
hursat_genesis_2010293N17093_GIRI_2.npy,data\processed\satellite\hursat_genesis_2010293N17093_GIRI_2.npy,"(128, 128)",float32,0.08130774646997452,0.8622307181358337,0.6078115105628967,0.18852704763412476,False,False,True,2010293N17093,GIRI,2010,2010-10-19 15:00:00 UTC,16.8,92.4,18.0,Depression / Low,HURSAT-B1 v06,VALID
hursat_genesis_2010293N17093_GIRI_3.npy,data\processed\satellite\hursat_genesis_2010293N17093_GIRI_3.npy,"(128, 128)",float32,0.09500004351139069,0.8609229326248169,0.5829918384552002,0.19646944105625153,False,False,False,2010293N17093,GIRI,2010,UNINDEXED,,,,UNINDEXED,HURSAT-B1 v06,VALID_IMAGE_UNLABELED
hursat_genesis_2010341N15082_MISSING_0.npy,data\processed\satellite\hursat_genesis_2010341N15082_MISSING_0.npy,"(128, 128)",float32,0.09661536663770676,0.9153076410293579,0.522161602973938,0.23565037548542023,False,False,True,2010341N14082,NIO_2010341N14,2010,2010-12-07 06:00:00 UTC,14.5,82.0,25.0,Depression / Low,HURSAT-B1 v06,VALID
hursat_genesis_2010341N15082_MISSING_1.npy,data\processed\satellite\hursat_genesis_2010341N15082_MISSING_1.npy,"(128, 128)",float32,0.1095385029911995,0.867692232131958,0.45295804738998413,0.23682823777198792,False,False,False,2010341N15082,MISSING,2010,UNINDEXED,,,,UNINDEXED,HURSAT-B1 v06,VALID_IMAGE_UNLABELED
hursat_genesis_2010341N15082_MISSING_2.npy,data\processed\satellite\hursat_genesis_2010341N15082_MISSING_2.npy,"(128, 128)",float32,0.09661536663770676,0.9187692403793335,0.5599581003189087,0.22341880202293396,False,False,True,2010341N14082,NIO_2010341N14,2010,2010-12-07 09:00:00 UTC,14.8,81.8,25.0,Depression / Low,HURSAT-B1 v06,VALID
hursat_genesis_2010341N15082_MISSING_3.npy,data\processed\satellite\hursat_genesis_2010341N15082_MISSING_3.npy,"(128, 128)",float32,0.09830768406391144,0.8684614896774292,0.4858167767524719,0.2288682460784912,False,False,False,2010341N15082,MISSING,2010,UNINDEXED,,,,UNINDEXED,HURSAT-B1 v06,VALID_IMAGE_UNLABELED
hursat_genesis_2011034N07083_MISSING_0.npy,data\processed\satellite\hursat_genesis_2011034N07083_MISSING_0.npy,"(128, 128)",float32,0.16307689249515533,0.8812307715415955,0.646946132183075,0.17209650576114655,False,False,True,2011033N06083,NIO_2011033N06,2011,2011-02-02 12:00:00 UTC,6.5,82.5,25.0,Depression / Low,HURSAT-B1 v06,VALID
hursat_genesis_2011034N07083_MISSING_1.npy,data\processed\satellite\hursat_genesis_2011034N07083_MISSING_1.npy,"(128, 128)",float32,0.15692302584648132,0.8853846788406372,0.6304078698158264,0.17874839901924133,False,False,False,2011034N07083,MISSING,2011,UNINDEXED,,,,UNINDEXED,HURSAT-B1 v06,VALID_IMAGE_UNLABELED
hursat_genesis_2011034N07083_MISSING_2.npy,data\processed\satellite\hursat_genesis_2011034N07083_MISSING_2.npy,"(128, 128)",float32,0.16107694804668427,0.8324615359306335,0.5546910762786865,0.1830155998468399,False,False,False,2011034N07083,MISSING,2011,UNINDEXED,,,,UNINDEXED,HURSAT-B1 v06,VALID_IMAGE_UNLABELED
hursat_genesis_2011034N07083_MISSING_3.npy,data\processed\satellite\hursat_genesis_2011034N07083_MISSING_3.npy,"(128, 128)",float32,0.1664615273475647,0.8828460574150085,0.6781554222106934,0.16521528363227844,False,False,True,2011033N06083,NIO_2011033N06,2011,2011-02-02 15:00:00 UTC,6.5,82.5,25.0,Depression / Low,HURSAT-B1 v06,VALID
hursat_genesis_2011160N18070_ONE_0.npy,data\processed\satellite\hursat_genesis_2011160N18070_ONE_0.npy,"(128, 128)",float32,0.050615400075912476,0.9923076629638672,0.5614822506904602,0.2768253684043884,False,False,True,2011160N18070,NIO_2011160N18,2011,2011-06-09 06:00:00 UTC,18.1,69.9,20.0,Depression / Low,HURSAT-B1 v06,VALID
hursat_genesis_2011160N18070_ONE_1.npy,data\processed\satellite\hursat_genesis_2011160N18070_ONE_1.npy,"(128, 128)",float32,0.08561541885137558,0.9990769624710083,0.5658308267593384,0.2735626697540283,False,False,False,2011160N18070,ONE,2011,UNINDEXED,,,,UNINDEXED,HURSAT-B1 v06,VALID_IMAGE_UNLABELED
hursat_genesis_2011160N18070_ONE_2.npy,data\processed\satellite\hursat_genesis_2011160N18070_ONE_2.npy,"(128, 128)",float32,0.050615400075912476,1.0,0.5501552820205688,0.2839922606945038,False,False,True,2011160N18070,NIO_2011160N18,2011,2011-06-09 09:00:00 UTC,18.2,70.1,23.0,Depression / Low,HURSAT-B1 v06,VALID
hursat_genesis_2011160N18070_ONE_3.npy,data\processed\satellite\hursat_genesis_2011160N18070_ONE_3.npy,"(128, 128)",float32,0.08092311024665833,1.0,0.5465272665023804,0.2799571752548218,False,False,False,2011160N18070,ONE,2011,UNINDEXED,,,,UNINDEXED,HURSAT-B1 v06,VALID_IMAGE_UNLABELED
hursat_genesis_2011167N22089_MISSING_0.npy,data\processed\satellite\hursat_genesis_2011167N22089_MISSING_0.npy,"(128, 128)",float32,0.06984616816043854,0.8891538381576538,0.48830777406692505,0.21153326332569122,False,False,True,2011167N22089,NIO_2011167N22,2011,2011-06-16 06:00:00 UTC,21.5,89.0,25.0,Depression / Low,HURSAT-B1 v06,VALID
hursat_genesis_2011167N22089_MISSING_1.npy,data\processed\satellite\hursat_genesis_2011167N22089_MISSING_1.npy,"(128, 128)",float32,0.08515390008687973,0.8711538314819336,0.47072988748550415,0.21245358884334564,False,False,False,2011167N22089,MISSING,2011,UNINDEXED,,,,UNINDEXED,HURSAT-B1 v06,VALID_IMAGE_UNLABELED
hursat_genesis_2011167N22089_MISSING_2.npy,data\processed\satellite\hursat_genesis_2011167N22089_MISSING_2.npy,"(128, 128)",float32,0.0946154072880745,0.8052307367324829,0.43002253770828247,0.2163868546485901,False,False,False,2011167N22089,MISSING,2011,UNINDEXED,,,,UNINDEXED,HURSAT-B1 v06,VALID_IMAGE_UNLABELED
hursat_genesis_2011167N22089_MISSING_3.npy,data\processed\satellite\hursat_genesis_2011167N22089_MISSING_3.npy,"(128, 128)",float32,0.07476924359798431,0.8866154551506042,0.47142094373703003,0.20114390552043915,False,False,True,2011167N22089,NIO_2011167N22,2011,2011-06-16 09:00:00 UTC,21.7,89.0,25.0,Depression / Low,HURSAT-B1 v06,VALID
hursat_genesis_2011203N24084_MISSING_0.npy,data\processed\satellite\hursat_genesis_2011203N24084_MISSING_0.npy,"(128, 128)",float32,0.17007692158222198,0.8453845977783203,0.5780512094497681,0.17144963145256042,False,False,True,2011203N24085,NIO_2011203N24,2011,2011-07-22 06:00:00 UTC,24.0,84.0,20.0,Depression / Low,HURSAT-B1 v06,VALID
hursat_genesis_2011203N24084_MISSING_1.npy,data\processed\satellite\hursat_genesis_2011203N24084_MISSING_1.npy,"(128, 128)",float32,0.17215389013290405,0.8500769734382629,0.5625494718551636,0.176723450422287,False,False,False,2011203N24084,MISSING,2011,UNINDEXED,,,,UNINDEXED,HURSAT-B1 v06,VALID_IMAGE_UNLABELED
hursat_genesis_2011203N24084_MISSING_2.npy,data\processed\satellite\hursat_genesis_2011203N24084_MISSING_2.npy,"(128, 128)",float32,0.13884617388248444,0.7864614725112915,0.4729574918746948,0.1730702668428421,False,False,False,2011203N24084,MISSING,2011,UNINDEXED,,,,UNINDEXED,HURSAT-B1 v06,VALID_IMAGE_UNLABELED
hursat_genesis_2011203N24084_MISSING_3.npy,data\processed\satellite\hursat_genesis_2011203N24084_MISSING_3.npy,"(128, 128)",float32,0.2093077450990677,0.8426921963691711,0.6017146110534668,0.1622370183467865,False,False,True,2011203N24085,NIO_2011203N24,2011,2011-07-22 09:00:00 UTC,24.0,84.0,20.0,Depression / Low,HURSAT-B1 v06,VALID
hursat_genesis_2011265N22087_MISSING_0.npy,data\processed\satellite\hursat_genesis_2011265N22087_MISSING_0.npy,"(128, 128)",float32,0.0862308219075203,0.8759230375289917,0.5673460960388184,0.21674908697605133,False,False,True,2011265N21088,NIO_2011265N21,2011,2011-09-22 06:00:00 UTC,21.6,87.3,4.0,Depression / Low,HURSAT-B1 v06,VALID
hursat_genesis_2011265N22087_MISSING_1.npy,data\processed\satellite\hursat_genesis_2011265N22087_MISSING_1.npy,"(128, 128)",float32,0.10353851318359375,0.8218461275100708,0.4874277114868164,0.21938714385032654,False,False,False,2011265N22087,MISSING,2011,UNINDEXED,,,,UNINDEXED,HURSAT-B1 v06,VALID_IMAGE_UNLABELED
hursat_genesis_2011265N22087_MISSING_2.npy,data\processed\satellite\hursat_genesis_2011265N22087_MISSING_2.npy,"(128, 128)",float32,0.10246159136295319,0.8869999647140503,0.5765432715415955,0.2133168876171112,False,False,True,2011265N21088,NIO_2011265N21,2011,2011-09-22 09:00:00 UTC,21.7,87.2,25.0,Depression / Low,HURSAT-B1 v06,VALID
hursat_genesis_2011265N22087_MISSING_3.npy,data\processed\satellite\hursat_genesis_2011265N22087_MISSING_3.npy,"(128, 128)",float32,0.10353851318359375,0.8319230079650879,0.49291911721229553,0.21901971101760864,False,False,False,2011265N22087,MISSING,2011,UNINDEXED,,,,UNINDEXED,HURSAT-B1 v06,VALID_IMAGE_UNLABELED
hursat_genesis_2011290N15090_TWO_0.npy,data\processed\satellite\hursat_genesis_2011290N15090_TWO_0.npy,"(128, 128)",float32,0.054999951273202896,0.9010770320892334,0.6412940621376038,0.23513782024383545,False,False,True,2011290N15090,NIO_2011290N15,2011,2011-10-17 00:00:00 UTC,15.2,89.5,15.0,Depression / Low,HURSAT-B1 v06,VALID
hursat_genesis_2011290N15090_TWO_1.npy,data\processed\satellite\hursat_genesis_2011290N15090_TWO_1.npy,"(128, 128)",float32,0.08807689696550369,0.8633845448493958,0.5920864939689636,0.2217048853635788,False,False,False,2011290N15090,TWO,2011,UNINDEXED,,,,UNINDEXED,HURSAT-B1 v06,VALID_IMAGE_UNLABELED
hursat_genesis_2011290N15090_TWO_2.npy,data\processed\satellite\hursat_genesis_2011290N15090_TWO_2.npy,"(128, 128)",float32,0.08946157246828079,0.9085383415222168,0.604475200176239,0.2481355220079422,False,False,True,2011290N15090,NIO_2011290N15,2011,2011-10-17 03:00:00 UTC,15.3,89.4,15.0,Depression / Low,HURSAT-B1 v06,VALID
hursat_genesis_2011290N15090_TWO_3.npy,data\processed\satellite\hursat_genesis_2011290N15090_TWO_3.npy,"(128, 128)",float32,0.09207693487405777,0.8681537508964539,0.5478220582008362,0.2378334254026413,False,False,False,2011290N15090,TWO,2011,UNINDEXED,,,,UNINDEXED,HURSAT-B1 v06,VALID_IMAGE_UNLABELED
hursat_genesis_2011302N13062_KEILA_0.npy,data\processed\satellite\hursat_genesis_2011302N13062_KEILA_0.npy,"(128, 128)",float32,0.07023080438375473,0.9010770320892334,0.46244892477989197,0.21439681947231293,False,False,True,2011302N13062,KEILA,2011,2011-10-29 06:00:00 UTC,13.0,62.0,25.0,Depression / Low,HURSAT-B1 v06,VALID
hursat_genesis_2011302N13062_KEILA_1.npy,data\processed\satellite\hursat_genesis_2011302N13062_KEILA_1.npy,"(128, 128)",float32,0.06938464939594269,0.867692232131958,0.3502885699272156,0.19285745918750763,False,False,False,2011302N13062,KEILA,2011,UNINDEXED,,,,UNINDEXED,HURSAT-B1 v06,VALID_IMAGE_UNLABELED
hursat_genesis_2011302N13062_KEILA_2.npy,data\processed\satellite\hursat_genesis_2011302N13062_KEILA_2.npy,"(128, 128)",float32,0.08738461881875992,0.8900768756866455,0.4493962526321411,0.20337410271167755,False,False,True,2011302N13062,KEILA,2011,2011-10-29 09:00:00 UTC,13.0,61.4,25.0,Depression / Low,HURSAT-B1 v06,VALID
hursat_genesis_2011302N13062_KEILA_3.npy,data\processed\satellite\hursat_genesis_2011302N13062_KEILA_3.npy,"(128, 128)",float32,0.06938464939594269,0.8353846669197083,0.3389491140842438,0.18087099492549896,False,False,False,2011302N13062,KEILA,2011,UNINDEXED,,,,UNINDEXED,HURSAT-B1 v06,VALID_IMAGE_UNLABELED
hursat_genesis_2011310N11066_FOUR_0.npy,data\processed\satellite\hursat_genesis_2011310N11066_FOUR_0.npy,"(128, 128)",float32,0.07123072445392609,0.895538330078125,0.589299201965332,0.2726336419582367,False,False,True,2011310N11066,NIO_2011310N11,2011,2011-11-06 06:00:00 UTC,10.5,65.5,25.0,Depression / Low,HURSAT-B1 v06,VALID
hursat_genesis_2011310N11066_FOUR_1.npy,data\processed\satellite\hursat_genesis_2011310N11066_FOUR_1.npy,"(128, 128)",float32,0.04507692903280258,0.8520768284797668,0.4665796160697937,0.26283979415893555,False,False,False,2011310N11066,FOUR,2011,UNINDEXED,,,,UNINDEXED,HURSAT-B1 v06,VALID_IMAGE_UNLABELED
hursat_genesis_2011310N11066_FOUR_2.npy,data\processed\satellite\hursat_genesis_2011310N11066_FOUR_2.npy,"(128, 128)",float32,0.07123072445392609,0.8919999599456787,0.5555974245071411,0.25372248888015747,False,False,True,2011310N11066,NIO_2011310N11,2011,2011-11-06 09:00:00 UTC,10.4,65.6,25.0,Depression / Low,HURSAT-B1 v06,VALID
hursat_genesis_2011310N11066_FOUR_3.npy,data\processed\satellite\hursat_genesis_2011310N11066_FOUR_3.npy,"(128, 128)",float32,0.0676153302192688,0.8356924057006836,0.42301082611083984,0.2404957264661789,False,False,False,2011310N11066,FOUR,2011,UNINDEXED,,,,UNINDEXED,HURSAT-B1 v06,VALID_IMAGE_UNLABELED
hursat_genesis_2011330N06078_FIVE_0.npy,data\processed\satellite\hursat_genesis_2011330N06078_FIVE_0.npy,"(128, 128)",float32,0.0,0.7804614901542664,0.3772686719894409,0.13796740770339966,False,False,True,2011330N06078,NIO_2011330N06,2011,2011-11-25 12:00:00 UTC,6.0,78.1,25.0,Depression / Low,HURSAT-B1 v06,VALID
hursat_genesis_2011330N06078_FIVE_1.npy,data\processed\satellite\hursat_genesis_2011330N06078_FIVE_1.npy,"(128, 128)",float32,0.041923053562641144,0.6809999942779541,0.2826058864593506,0.12408681958913803,False,False,False,2011330N06078,FIVE,2011,UNINDEXED,,,,UNINDEXED,HURSAT-B1 v06,VALID_IMAGE_UNLABELED
hursat_genesis_2011330N06078_FIVE_2.npy,data\processed\satellite\hursat_genesis_2011330N06078_FIVE_2.npy,"(128, 128)",float32,0.035307664424180984,0.7804614901542664,0.396388977766037,0.16493941843509674,False,False,True,2011330N06078,NIO_2011330N06,2011,2011-11-25 15:00:00 UTC,6.4,77.6,28.0,Depression / Low,HURSAT-B1 v06,VALID
hursat_genesis_2011330N06078_FIVE_3.npy,data\processed\satellite\hursat_genesis_2011330N06078_FIVE_3.npy,"(128, 128)",float32,0.041923053562641144,0.7033076286315918,0.2994436025619507,0.1371856927871704,False,False,False,2011330N06078,FIVE,2011,UNINDEXED,,,,UNINDEXED,HURSAT-B1 v06,VALID_IMAGE_UNLABELED
hursat_genesis_2011360N09088_THANE_0.npy,data\processed\satellite\hursat_genesis_2011360N09088_THANE_0.npy,"(128, 128)",float32,0.03607694059610367,0.8681537508964539,0.4050680994987488,0.17735661566257477,False,False,True,2011360N09088,THANE,2011,2011-12-25 12:00:00 UTC,8.9,88.4,30.0,Depression / Low,HURSAT-B1 v06,VALID
hursat_genesis_2011360N09088_THANE_1.npy,data\processed\satellite\hursat_genesis_2011360N09088_THANE_1.npy,"(128, 128)",float32,0.04561532661318779,0.8396923542022705,0.35286515951156616,0.1594391167163849,False,False,False,2011360N09088,THANE,2011,UNINDEXED,,,,UNINDEXED,HURSAT-B1 v06,VALID_IMAGE_UNLABELED
hursat_genesis_2011360N09088_THANE_2.npy,data\processed\satellite\hursat_genesis_2011360N09088_THANE_2.npy,"(128, 128)",float32,0.03607694059610367,0.8484614491462708,0.40135955810546875,0.1989254355430603,False,False,True,2011360N09088,THANE,2011,2011-12-25 15:00:00 UTC,9.1,88.3,30.0,Depression / Low,HURSAT-B1 v06,VALID
hursat_genesis_2011360N09088_THANE_3.npy,data\processed\satellite\hursat_genesis_2011360N09088_THANE_3.npy,"(128, 128)",float32,0.026923077180981636,0.8212308287620544,0.3516273498535156,0.18144069612026215,False,False,False,2011360N09088,THANE,2011,UNINDEXED,,,,UNINDEXED,HURSAT-B1 v06,VALID_IMAGE_UNLABELED
hursat_genesis_2012285N21091_MISSING_0.npy,data\processed\satellite\hursat_genesis_2012285N21091_MISSING_0.npy,"(128, 128)",float32,0.11584613472223282,0.8891538381576538,0.5419477820396423,0.17589575052261353,False,False,True,2012285N21091,NIO_2012285N21,2012,2012-10-10 12:00:00 UTC,21.0,91.0,25.0,Depression / Low,HURSAT-B1 v06,VALID
hursat_genesis_2012285N21091_MISSING_1.npy,data\processed\satellite\hursat_genesis_2012285N21091_MISSING_1.npy,"(128, 128)",float32,0.10938462615013123,0.8557692170143127,0.49007007479667664,0.1658519208431244,False,False,False,2012285N21091,MISSING,2012,UNINDEXED,,,,UNINDEXED,HURSAT-B1 v06,VALID_IMAGE_UNLABELED
hursat_genesis_2012285N21091_MISSING_2.npy,data\processed\satellite\hursat_genesis_2012285N21091_MISSING_2.npy,"(128, 128)",float32,0.13161538541316986,0.8891538381576538,0.5636036992073059,0.18718436360359192,False,False,True,2012285N21091,NIO_2012285N21,2012,2012-10-10 15:00:00 UTC,21.5,91.0,25.0,Depression / Low,HURSAT-B1 v06,VALID
hursat_genesis_2012285N21091_MISSING_3.npy,data\processed\satellite\hursat_genesis_2012285N21091_MISSING_3.npy,"(128, 128)",float32,0.14392313361167908,0.8623077273368835,0.5259798765182495,0.17640185356140137,False,False,False,2012285N21091,MISSING,2012,UNINDEXED,,,,UNINDEXED,HURSAT-B1 v06,VALID_IMAGE_UNLABELED
hursat_genesis_2012297N11066_MURJAN_0.npy,data\processed\satellite\hursat_genesis_2012297N11066_MURJAN_0.npy,"(128, 128)",float32,0.08115386962890625,0.8806922435760498,0.5813479423522949,0.2017238736152649,False,False,True,2012297N11067,MURJAN,2012,2012-10-22 18:00:00 UTC,11.1,66.0,15.0,Depression / Low,HURSAT-B1 v06,VALID
hursat_genesis_2012297N11066_MURJAN_1.npy,data\processed\satellite\hursat_genesis_2012297N11066_MURJAN_1.npy,"(128, 128)",float32,0.13715386390686035,0.8662306666374207,0.5608992576599121,0.19080403447151184,False,False,False,2012297N11066,MURJAN,2012,UNINDEXED,,,,UNINDEXED,HURSAT-B1 v06,VALID_IMAGE_UNLABELED
hursat_genesis_2012297N11066_MURJAN_2.npy,data\processed\satellite\hursat_genesis_2012297N11066_MURJAN_2.npy,"(128, 128)",float32,0.08292306959629059,0.814153790473938,0.4399072527885437,0.19347526133060455,False,False,False,2012297N11066,MURJAN,2012,UNINDEXED,,,,UNINDEXED,HURSAT-B1 v06,VALID_IMAGE_UNLABELED
hursat_genesis_2012297N11066_MURJAN_3.npy,data\processed\satellite\hursat_genesis_2012297N11066_MURJAN_3.npy,"(128, 128)",float32,0.13084611296653748,0.8919999599456787,0.6133101582527161,0.21470387279987335,False,False,True,2012297N11067,MURJAN,2012,2012-10-22 21:00:00 UTC,11.2,65.6,18.0,Depression / Low,HURSAT-B1 v06,VALID
hursat_genesis_2012301N11087_NILAM_0.npy,data\processed\satellite\hursat_genesis_2012301N11087_NILAM_0.npy,"(128, 128)",float32,0.11123082041740417,0.9083076119422913,0.6182375550270081,0.2288789600133896,False,False,True,2012301N11087,NILAM,2012,2012-10-27 06:00:00 UTC,11.1,87.1,15.0,Depression / Low,HURSAT-B1 v06,VALID
hursat_genesis_2012301N11087_NILAM_1.npy,data\processed\satellite\hursat_genesis_2012301N11087_NILAM_1.npy,"(128, 128)",float32,0.08084610849618912,0.9085383415222168,0.6019030213356018,0.24645644426345825,False,False,False,2012301N11087,NILAM,2012,UNINDEXED,,,,UNINDEXED,HURSAT-B1 v06,VALID_IMAGE_UNLABELED
hursat_genesis_2012301N11087_NILAM_2.npy,data\processed\satellite\hursat_genesis_2012301N11087_NILAM_2.npy,"(128, 128)",float32,0.08853841572999954,0.8819230198860168,0.551856517791748,0.2394028753042221,False,False,False,2012301N11087,NILAM,2012,UNINDEXED,,,,UNINDEXED,HURSAT-B1 v06,VALID_IMAGE_UNLABELED
hursat_genesis_2012301N11087_NILAM_3.npy,data\processed\satellite\hursat_genesis_2012301N11087_NILAM_3.npy,"(128, 128)",float32,0.12123072892427444,0.9043076634407043,0.5729992389678955,0.2277412712574005,False,False,True,2012301N11087,NILAM,2012,2012-10-27 09:00:00 UTC,10.9,87.0,18.0,Depression / Low,HURSAT-B1 v06,VALID
hursat_genesis_2012357N09064_FOUR_0.npy,data\processed\satellite\hursat_genesis_2012357N09064_FOUR_0.npy,"(128, 128)",float32,0.11092305928468704,0.8865384459495544,0.5391669273376465,0.226156547665596,False,False,True,2012357N09064,NIO_2012357N09,2012,2012-12-22 06:00:00 UTC,9.1,63.8,25.0,Depression / Low,HURSAT-B1 v06,VALID
hursat_genesis_2012357N09064_FOUR_2.npy,data\processed\satellite\hursat_genesis_2012357N09064_FOUR_2.npy,"(128, 128)",float32,0.09415388852357864,0.8261538147926331,0.4190090298652649,0.1956486701965332,False,False,False,2012357N09064,FOUR,2012,UNINDEXED,,,,UNINDEXED,HURSAT-B1 v06,VALID_IMAGE_UNLABELED
hursat_genesis_2012357N09064_FOUR_3.npy,data\processed\satellite\hursat_genesis_2012357N09064_FOUR_3.npy,"(128, 128)",float32,0.1240769624710083,0.8964616060256958,0.5318212509155273,0.218769833445549,False,False,True,2012357N09064,NIO_2012357N09,2012,2012-12-22 09:00:00 UTC,9.0,63.1,25.0,Depression / Low,HURSAT-B1 v06,VALID
hursat_genesis_2013130N04093_MAHASEN_0.npy,data\processed\satellite\hursat_genesis_2013130N04093_MAHASEN_0.npy,"(128, 128)",float32,0.00015387902385555208,0.8639230728149414,0.3517686128616333,0.23337246477603912,False,False,True,2013130N04093,MAHASEN:VIYARU,2013,2013-05-09 18:00:00 UTC,4.4,93.0,20.0,Depression / Low,HURSAT-B1 v06,VALID
hursat_genesis_2013130N04093_MAHASEN_1.npy,data\processed\satellite\hursat_genesis_2013130N04093_MAHASEN_1.npy,"(128, 128)",float32,0.009076866321265697,0.8419999480247498,0.31376439332962036,0.21246697008609772,False,False,False,2013130N04093,MAHASEN,2013,UNINDEXED,,,,UNINDEXED,HURSAT-B1 v06,VALID_IMAGE_UNLABELED
hursat_genesis_2013130N04093_MAHASEN_2.npy,data\processed\satellite\hursat_genesis_2013130N04093_MAHASEN_2.npy,"(128, 128)",float32,0.00015387902385555208,0.8400000929832458,0.28091153502464294,0.18819165229797363,False,False,True,2013130N04093,MAHASEN:VIYARU,2013,2013-05-09 21:00:00 UTC,4.4,93.3,23.0,Depression / Low,HURSAT-B1 v06,VALID
hursat_genesis_2013130N04093_MAHASEN_3.npy,data\processed\satellite\hursat_genesis_2013130N04093_MAHASEN_3.npy,"(128, 128)",float32,0.0037692729383707047,0.8228461742401123,0.251250684261322,0.19127708673477173,False,False,False,2013130N04093,MAHASEN,2013,UNINDEXED,,,,UNINDEXED,HURSAT-B1 v06,VALID_IMAGE_UNLABELED
hursat_genesis_2013149N21089_MISSING_0.npy,data\processed\satellite\hursat_genesis_2013149N21089_MISSING_0.npy,"(128, 128)",float32,0.11584613472223282,0.9089998602867126,0.48196718096733093,0.19588154554367065,False,False,True,2013149N21090,NIO_2013149N21,2013,2013-05-29 06:00:00 UTC,21.3,89.3,25.0,Depression / Low,HURSAT-B1 v06,VALID
hursat_genesis_2013149N21089_MISSING_1.npy,data\processed\satellite\hursat_genesis_2013149N21089_MISSING_1.npy,"(128, 128)",float32,0.12684619426727295,0.8443077802658081,0.44682884216308594,0.1964423656463623,False,False,False,2013149N21089,MISSING,2013,UNINDEXED,,,,UNINDEXED,HURSAT-B1 v06,VALID_IMAGE_UNLABELED
hursat_genesis_2013149N21089_MISSING_2.npy,data\processed\satellite\hursat_genesis_2013149N21089_MISSING_2.npy,"(128, 128)",float32,0.06392306089401245,0.9393845796585083,0.4954283833503723,0.18527114391326904,False,False,True,2013149N21090,NIO_2013149N21,2013,2013-05-29 09:00:00 UTC,21.5,89.0,25.0,Depression / Low,HURSAT-B1 v06,VALID
hursat_genesis_2013149N21089_MISSING_3.npy,data\processed\satellite\hursat_genesis_2013149N21089_MISSING_3.npy,"(128, 128)",float32,0.09338460862636566,0.8659231066703796,0.44926607608795166,0.1872795671224594,False,False,False,2013149N21089,MISSING,2013,UNINDEXED,,,,UNINDEXED,HURSAT-B1 v06,VALID_IMAGE_UNLABELED
hursat_genesis_2013211N22088_MISSING_0.npy,data\processed\satellite\hursat_genesis_2013211N22088_MISSING_0.npy,"(128, 128)",float32,0.11246149986982346,0.8985384702682495,0.5479801893234253,0.24102385342121124,False,False,True,2013211N21088,NIO_2013211N21,2013,2013-07-30 06:00:00 UTC,21.5,87.5,25.0,Depression / Low,HURSAT-B1 v06,VALID
hursat_genesis_2013211N22088_MISSING_1.npy,data\processed\satellite\hursat_genesis_2013211N22088_MISSING_1.npy,"(128, 128)",float32,0.08015383034944534,0.8827692866325378,0.5388261079788208,0.24964486062526703,False,False,False,2013211N22088,MISSING,2013,UNINDEXED,,,,UNINDEXED,HURSAT-B1 v06,VALID_IMAGE_UNLABELED
hursat_genesis_2013211N22088_MISSING_2.npy,data\processed\satellite\hursat_genesis_2013211N22088_MISSING_2.npy,"(128, 128)",float32,0.09392312914133072,0.8200768232345581,0.47358137369155884,0.24212929606437683,False,False,False,2013211N22088,MISSING,2013,UNINDEXED,,,,UNINDEXED,HURSAT-B1 v06,VALID_IMAGE_UNLABELED
hursat_genesis_2013211N22088_MISSING_3.npy,data\processed\satellite\hursat_genesis_2013211N22088_MISSING_3.npy,"(128, 128)",float32,0.11453845351934433,0.8909231424331665,0.519541323184967,0.23202629387378693,False,False,True,2013211N21088,NIO_2013211N21,2013,2013-07-30 09:00:00 UTC,21.7,87.3,25.0,Depression / Low,HURSAT-B1 v06,VALID
hursat_genesis_2013232N22088_MISSING_0.npy,data\processed\satellite\hursat_genesis_2013232N22088_MISSING_0.npy,"(128, 128)",float32,0.08469226211309433,0.856846272945404,0.5056349039077759,0.22040295600891113,False,False,True,2013232N22088,NIO_2013232N22,2013,2013-08-20 00:00:00 UTC,22.0,87.5,25.0,Depression / Low,HURSAT-B1 v06,VALID
hursat_genesis_2013232N22088_MISSING_1.npy,data\processed\satellite\hursat_genesis_2013232N22088_MISSING_1.npy,"(128, 128)",float32,0.06023078411817551,0.8607692122459412,0.4914925694465637,0.21942095458507538,False,False,False,2013232N22088,MISSING,2013,UNINDEXED,,,,UNINDEXED,HURSAT-B1 v06,VALID_IMAGE_UNLABELED
hursat_genesis_2013232N22088_MISSING_2.npy,data\processed\satellite\hursat_genesis_2013232N22088_MISSING_2.npy,"(128, 128)",float32,0.07238464057445526,0.801615297794342,0.4349631071090698,0.20407302677631378,False,False,False,2013232N22088,MISSING,2013,UNINDEXED,,,,UNINDEXED,HURSAT-B1 v06,VALID_IMAGE_UNLABELED
hursat_genesis_2013232N22088_MISSING_3.npy,data\processed\satellite\hursat_genesis_2013232N22088_MISSING_3.npy,"(128, 128)",float32,0.0923076942563057,0.8730769157409668,0.514428436756134,0.2136823683977127,False,False,True,2013232N22088,NIO_2013232N22,2013,2013-08-20 03:00:00 UTC,22.0,87.5,25.0,Depression / Low,HURSAT-B1 v06,VALID
hursat_genesis_2013310N06066_THREE_0.npy,data\processed\satellite\hursat_genesis_2013310N06066_THREE_0.npy,"(128, 128)",float32,0.08476926386356354,0.8728461861610413,0.5469645857810974,0.2188347727060318,False,False,True,2013310N06066,NIO_2013310N06,2013,2013-11-06 00:00:00 UTC,5.6,66.4,15.0,Depression / Low,HURSAT-B1 v06,VALID
hursat_genesis_2013310N06066_THREE_1.npy,data\processed\satellite\hursat_genesis_2013310N06066_THREE_1.npy,"(128, 128)",float32,0.10946150869131088,0.8543076515197754,0.5212982296943665,0.19735737144947052,False,False,False,2013310N06066,THREE,2013,UNINDEXED,,,,UNINDEXED,HURSAT-B1 v06,VALID_IMAGE_UNLABELED
hursat_genesis_2013310N06066_THREE_2.npy,data\processed\satellite\hursat_genesis_2013310N06066_THREE_2.npy,"(128, 128)",float32,0.0700000450015068,0.8117692470550537,0.40273335576057434,0.20181067287921906,False,False,False,2013310N06066,THREE,2013,UNINDEXED,,,,UNINDEXED,HURSAT-B1 v06,VALID_IMAGE_UNLABELED
hursat_genesis_2013310N06066_THREE_3.npy,data\processed\satellite\hursat_genesis_2013310N06066_THREE_3.npy,"(128, 128)",float32,0.08546154201030731,0.8773075938224792,0.5510587692260742,0.23158897459506989,False,False,True,2013310N06066,NIO_2013310N06,2013,2013-11-06 03:00:00 UTC,5.9,66.2,18.0,Depression / Low,HURSAT-B1 v06,VALID
hursat_genesis_2015157N13069_ASHOBAA_0.npy,data\processed\satellite\hursat_genesis_2015157N13069_ASHOBAA_0.npy,"(128, 128)",float32,0.10746154934167862,0.8989999890327454,0.49450740218162537,0.23234549164772034,False,False,True,2015157N13069,ASHOBAA,2015,2015-06-06 06:00:00 UTC,13.1,68.5,25.0,Depression / Low,HURSAT-B1 v06,VALID
hursat_genesis_2015157N13069_ASHOBAA_1.npy,data\processed\satellite\hursat_genesis_2015157N13069_ASHOBAA_1.npy,"(128, 128)",float32,0.09761540591716766,0.8168461918830872,0.31327080726623535,0.16947999596595764,False,False,False,2015157N13069,ASHOBAA,2015,UNINDEXED,,,,UNINDEXED,HURSAT-B1 v06,VALID_IMAGE_UNLABELED
hursat_genesis_2015157N13069_ASHOBAA_2.npy,data\processed\satellite\hursat_genesis_2015157N13069_ASHOBAA_2.npy,"(128, 128)",float32,0.07099996507167816,0.9073078036308289,0.4681396484375,0.22009190917015076,False,False,True,2015157N13069,ASHOBAA,2015,2015-06-06 09:00:00 UTC,13.5,68.6,25.0,Depression / Low,HURSAT-B1 v06,VALID
hursat_genesis_2015157N13069_ASHOBAA_3.npy,data\processed\satellite\hursat_genesis_2015157N13069_ASHOBAA_3.npy,"(128, 128)",float32,0.07799999415874481,0.7995384931564331,0.2923028767108917,0.16210098564624786,False,False,False,2015157N13069,ASHOBAA,2015,UNINDEXED,,,,UNINDEXED,HURSAT-B1 v06,VALID_IMAGE_UNLABELED
hursat_genesis_2015171N19086_MISSING_0.npy,data\processed\satellite\hursat_genesis_2015171N19086_MISSING_0.npy,"(128, 128)",float32,0.07430771738290787,0.9026923775672913,0.5264731645584106,0.23499614000320435,False,False,True,2015171N18086,NIO_2015171N18,2015,2015-06-20 06:00:00 UTC,18.5,86.0,25.0,Depression / Low,HURSAT-B1 v06,VALID
hursat_genesis_2015171N19086_MISSING_1.npy,data\processed\satellite\hursat_genesis_2015171N19086_MISSING_1.npy,"(128, 128)",float32,0.08853841572999954,0.8208460807800293,0.47132107615470886,0.23269401490688324,False,False,False,2015171N19086,MISSING,2015,UNINDEXED,,,,UNINDEXED,HURSAT-B1 v06,VALID_IMAGE_UNLABELED
hursat_genesis_2015171N19086_MISSING_2.npy,data\processed\satellite\hursat_genesis_2015171N19086_MISSING_2.npy,"(128, 128)",float32,0.07430771738290787,0.9473846554756165,0.5322331190109253,0.22064541280269623,False,False,True,2015171N18086,NIO_2015171N18,2015,2015-06-20 09:00:00 UTC,18.8,85.8,25.0,Depression / Low,HURSAT-B1 v06,VALID
hursat_genesis_2015171N19086_MISSING_3.npy,data\processed\satellite\hursat_genesis_2015171N19086_MISSING_3.npy,"(128, 128)",float32,0.10369227826595306,0.8216153383255005,0.46155846118927,0.21227869391441345,False,False,False,2015171N19086,MISSING,2015,UNINDEXED,,,,UNINDEXED,HURSAT-B1 v06,VALID_IMAGE_UNLABELED
hursat_genesis_2015173N20067_MISSING_0.npy,data\processed\satellite\hursat_genesis_2015173N20067_MISSING_0.npy,"(128, 128)",float32,0.0065385084599256516,0.9595384001731873,0.558401346206665,0.25226426124572754,False,False,True,2015173N20067,NIO_2015173N20,2015,2015-06-22 06:00:00 UTC,20.0,67.0,25.0,Depression / Low,HURSAT-B1 v06,VALID
hursat_genesis_2015173N20067_MISSING_1.npy,data\processed\satellite\hursat_genesis_2015173N20067_MISSING_1.npy,"(128, 128)",float32,0.029230792075395584,0.807692289352417,0.38470548391342163,0.2344503551721573,False,False,False,2015173N20067,MISSING,2015,UNINDEXED,,,,UNINDEXED,HURSAT-B1 v06,VALID_IMAGE_UNLABELED
hursat_genesis_2015173N20067_MISSING_2.npy,data\processed\satellite\hursat_genesis_2015173N20067_MISSING_2.npy,"(128, 128)",float32,0.11084618419408798,0.9788461327552795,0.5585207939147949,0.2589530944824219,False,False,True,2015173N20067,NIO_2015173N20,2015,2015-06-22 09:00:00 UTC,20.0,66.9,25.0,Depression / Low,HURSAT-B1 v06,VALID
hursat_genesis_2015173N20067_MISSING_3.npy,data\processed\satellite\hursat_genesis_2015173N20067_MISSING_3.npy,"(128, 128)",float32,0.05215383693575859,0.812076985836029,0.3710800111293793,0.24108903110027313,False,False,False,2015173N20067,MISSING,2015,UNINDEXED,,,,UNINDEXED,HURSAT-B1 v06,VALID_IMAGE_UNLABELED
hursat_genesis_2015191N23085_MISSING_0.npy,data\processed\satellite\hursat_genesis_2015191N23085_MISSING_0.npy,"(128, 128)",float32,0.14753840863704681,0.8654615879058838,0.5090657472610474,0.18986660242080688,False,False,True,2015191N23085,NIO_2015191N23,2015,2015-07-10 06:00:00 UTC,23.1,85.0,25.0,Depression / Low,HURSAT-B1 v06,VALID
hursat_genesis_2015191N23085_MISSING_1.npy,data\processed\satellite\hursat_genesis_2015191N23085_MISSING_1.npy,"(128, 128)",float32,0.14615385234355927,0.8106154203414917,0.45277196168899536,0.196499764919281,False,False,False,2015191N23085,MISSING,2015,UNINDEXED,,,,UNINDEXED,HURSAT-B1 v06,VALID_IMAGE_UNLABELED
hursat_genesis_2015191N23085_MISSING_2.npy,data\processed\satellite\hursat_genesis_2015191N23085_MISSING_2.npy,"(128, 128)",float32,0.07761535793542862,0.8823845386505127,0.5218873023986816,0.20689843595027924,False,False,True,2015191N23085,NIO_2015191N23,2015,2015-07-10 09:00:00 UTC,23.3,84.0,25.0,Depression / Low,HURSAT-B1 v06,VALID
hursat_genesis_2015191N23085_MISSING_3.npy,data\processed\satellite\hursat_genesis_2015191N23085_MISSING_3.npy,"(128, 128)",float32,0.0970768854022026,0.814923107624054,0.4568438231945038,0.21200807392597198,False,False,False,2015191N23085,MISSING,2015,UNINDEXED,,,,UNINDEXED,HURSAT-B1 v06,VALID_IMAGE_UNLABELED
hursat_genesis_MISSING_0.npy,data\processed\satellite\hursat_genesis_MISSING_0.npy,"(128, 128)",float32,0.07569228112697601,0.9036921858787537,0.540566086769104,0.22501252591609955,False,False,False,MISSING,0,2000,UNINDEXED,,,,UNINDEXED,HURSAT-B1 v06,VALID_IMAGE_UNLABELED
hursat_genesis_MISSING_1.npy,data\processed\satellite\hursat_genesis_MISSING_1.npy,"(128, 128)",float32,0.05823082476854324,0.9004614949226379,0.455339252948761,0.22214697301387787,False,False,False,MISSING,1,2000,UNINDEXED,,,,UNINDEXED,HURSAT-B1 v06,VALID_IMAGE_UNLABELED
hursat_genesis_MISSING_2.npy,data\processed\satellite\hursat_genesis_MISSING_2.npy,"(128, 128)",float32,0.04215381294488907,0.9119229912757874,0.5369209051132202,0.23899561166763306,False,False,False,MISSING,2,2000,UNINDEXED,,,,UNINDEXED,HURSAT-B1 v06,VALID_IMAGE_UNLABELED
hursat_genesis_MISSING_3.npy,data\processed\satellite\hursat_genesis_MISSING_3.npy,"(128, 128)",float32,0.05784618854522705,0.8616154789924622,0.45980745553970337,0.2373829185962677,False,False,False,MISSING,3,2000,UNINDEXED,,,,UNINDEXED,HURSAT-B1 v06,VALID_IMAGE_UNLABELED
